timestamp,p_ema_fast,p_ema_slow,p_high_band,p_low_band,p_war,p_eth,p_sentiment
2026-03-31T01:00:00Z,67938.54,67938.54,68442.57418499999,67016.475,67938.54,68780.977896,67938.54
2026-03-31T02:00:00Z,67939.62666666666,67938.73959183673,68442.57418499999,67016.475,67950.19293136735,68785.89456736184,67943.43
2026-03-31T03:00:00Z,67887.42962962962,67929.18858808829,68442.57418499999,67016.475,67718.03157912559,68544.14347932363,67704.74
2026-03-31T04:00:00Z,67811.1141563786,67913.46701306428,68442.57418499999,67016.475,67563.43939402424,68381.25234543033,67544.01
2026-03-31T05:00:00Z,67782.35101051668,67904.00631865348,68442.57418499999,67016.475,67706.7913842798,68520.39318100005,67681.68
2026-03-31T06:00:00Z,67718.01745262409,67887.22442809619,68442.57418499999,67016.475,67522.82398719575,68328.92206429667,67492.85
2026-03-31T07:00:00Z,67640.16690759652,67866.01894123512,68442.57418499999,67016.475,67401.70277386911,68201.84580497805,67346.76979990082
2026-03-31T08:00:00Z,67448.6475947973,67821.62347424592,68442.57418499999,66655.33566,66815.16940014488,67604.76185640461,66737.83867509468
2026-03-31T09:00:00Z,67154.50146262012,67752.37312835833,68442.57418499999,65965.050975,66163.55163040497,66942.85193960714,66072.90896755614
2026-03-31T10:00:00Z,66978.69669314897,67695.67953128248,68442.57418499999,65965.050975,66403.09828330646,67183.64324528934,66322.45278313126
2026-03-31T11:00:00Z,66913.58409467143,67654.45546878116,68442.57418499999,65965.050975,66725.5176798965,67509.32715946867,66650.46504157715
2026-03-31T12:00:00Z,66855.73429585555,67613.59034760641,68442.57418499999,65965.050975,66691.88161778075,67475.82853545008,66623.13211286403
2026-03-31T13:00:00Z,66954.96889677654,67600.88421096941,68442.57418499999,65965.050975,67339.00867946989,68132.13627076078,67299.84036181231
2026-03-31T14:00:00Z,66873.2980308262,67559.51954929718,68442.57418499999,65965.050975,66620.51707538849,67407.70307605267,66580.32458521114
2026-03-31T15:00:00Z,66842.96513508704,67525.93915952995,68442.57418499999,65965.050975,66765.75386272343,67558.05884803376,66759.55084029595
2026-03-31T16:00:00Z,67025.82399395658,67531.64898975322,68442.57418499999,65965.050975,67690.12766861761,68497.62409384565,67711.98481517681
2026-03-31T17:00:00Z,67137.14088418845,67531.44903098777,68623.784745,65965.050975,67545.2768806044,68355.88953591416,67557.669602894
2026-03-31T18:00:00Z,67296.45402103546,67544.61641747806,68623.784745,65965.050975,67866.40217028969,68686.21161175202,67897.02369222054
2026-03-31T19:00:00Z,67416.97534969424,67556.62391064221,68623.784745,65965.050975,67844.54404720166,68669.7333097262,67858.81522522059
2026-03-31T20:00:00Z,67605.5430497622,67585.55885306498,68623.784745,65965.050975,68264.50309313652,69100.59992175772,68322.67561414727
2026-03-31T21:00:00Z,67754.9757053706,67613.82134885824,68623.784745,65965.050975,68270.18304152189,69112.08218217482,68331.32145216693
2026-03-31T22:00:00Z,67847.84110417713,67636.63966114973,68623.784745,65965.050975,68158.52166037231,69004.51277854547,68191.8054903248
2026-03-31T23:00:00Z,67944.87196991555,67663.08212395995,68623.784745,65965.050975,68263.94233444073,69116.28319011263,68312.48296713448
2026-04-01T00:00:00Z,68030.62264326765,67690.33387400239,68623.784745,65965.050975,68304.59796162181,69161.88390128048,68348.5689897596
2026-04-01T01:00:00Z,67975.53538920818,67694.10514445127,68623.784745,65965.050975,67751.95111647833,68605.94739913403,67780.6294118033
2026-04-01T02:00:00Z,67907.39196938415,67693.07595488183,68623.784745,65965.050975,67634.18590390612,68489.45168570218,67647.05788494344
2026-04-01T03:00:00Z,67965.89819840988,67712.56958937645,68623.784745,65965.050975,68132.67107540519,68996.01226974862,68166.65389264667
2026-04-01T04:00:00Z,68040.99415431879,67736.70266736108,68623.784745,65965.050975,68263.76856941388,69129.45955820964,68308.74665468575
2026-04-01T05:00:00Z,68133.22212002572,67766.0625584892,68789.88775499999,65965.050975,68414.98931332963,69282.14634965349,68462.46044455706
2026-04-01T06:00:00Z,68348.69498224223,67820.62531120391,69271.39839,65965.050975,69061.6911618791,69935.41503391847,69131.37613669335
2026-04-01T07:00:00Z,68424.9849861884,67856.19162503233,69344.655,65965.050975,68652.4777442349,69518.24763194278,68725.31532670213
2026-04-01T08:00:00Z,68479.46832259098,67889.4148240106,69344.655,65965.050975,68633.13669377264,69494.77311366097,68706.61535949013
2026-04-01T09:00:00Z,68516.03091757077,67920.21421894894,69344.655,66066.959995,68610.50189034714,69466.92625119646,68661.69574393811
2026-04-01T10:00:00Z,68531.47960255505,67947.37078144081,69344.655,66207.01993000001,68556.51607723415,69406.40598012989,68596.12063671528
2026-04-01T11:00:00Z,68571.71080198727,67978.60136179016,69344.655,66394.316235,68688.68232505012,69533.52894804355,68722.14665031552
2026-04-01T12:00:00Z,68532.13062376788,67995.54008171709,69344.655,66394.316235,68375.7561546416,69209.44684422735,68367.83900491781
2026-04-01T13:00:00Z,68439.67270737502,68000.45967021842,69344.655,66394.316235,68104.65038861937,68927.27239448551,68094.96192608717
2026-04-01T14:00:00Z,68473.86766129168,68024.66743878093,69344.655,66554.16627000002,68588.76538731362,69409.11111464998,68590.68107390364
2026-04-01T15:00:00Z,68572.67929211575,68061.15121678988,69344.655,66695.91536,68920.59280759987,69736.62998460812,68928.82136856308
2026-04-01T16:00:00Z,68626.82611609003,68091.97524875763,69344.655,67370.108095,68825.22226214461,69631.9462840193,68825.00332064927
2026-04-01T17:00:00Z,68546.78031251447,68099.1036059512,69344.655,67492.53685,68281.94522392795,69074.4558648181,68250.15149009594
2026-04-01T18:00:00Z,68444.1091319557,68098.51815264706,69344.655,67544.960625,68106.11737569973,68889.22031058602,68073.27952657096
2026-04-01T19:00:00Z,68384.71599152111,68101.71496274309,69344.655,67544.960625,68203.7147621338,68981.19455516082,68179.12052996068
2026-04-01T20:00:00Z,68341.68799340531,68105.36292344745,69344.655,67544.960625,68222.71507820334,68994.45311366842,68176.19298877142
2026-04-01T21:00:00Z,68346.31955042636,68115.85953881695,69344.655,67544.960625,68398.11256846452,69166.78778988664,68342.12450269026
2026-04-01T22:00:00Z,68296.69076144272,68116.15057804891,69344.655,67544.960625,68161.3296178227,68923.3486538324,68097.78220786047
2026-04-01T23:00:00Z,68256.07503667768,68116.05953404692,69344.655,67544.960625,68154.07347408129,68913.13397135545,68108.21250663308
2026-04-02T00:00:00Z,68332.5672507493,68135.82404286132,69344.655,67544.960625,68641.44139994391,69404.21095165862,68619.53938129608
2026-04-02T01:00:00Z,68116.27897280501,68104.12795947921,69344.655,67017.31458,67399.25546955662,68147.71311904742,67329.85481260993
2026-04-02T02:00:00Z,67835.54808995945,68053.06110399026,69344.655,66591.32768,66891.15681504915,67634.6289750702,66807.3960587009
2026-04-02T03:00:00Z,67555.70406996847,67992.78309974575,69344.655,66466.75,66611.69362861842,67353.83014494617,66518.94325701309
2026-04-02T04:00:00Z,67283.38538775325,67924.9254222051,69344.655,66183.96146500001,66362.04831946311,67104.21016995737,66272.86482795051
2026-04-02T05:00:00Z,67129.64196825253,67870.5015274212,69344.655,66183.96146500001,66619.01105654595,67367.81386332179,66540.89127687992
2026-04-02T06:00:00Z,67030.0526419742,67821.9704446693,69344.655,66183.96146500001,66703.79739261212,67458.15379424854,66621.08626650277
2026-04-02T07:00:00Z,67007.99427709103,67785.59573264199,69206.355885,66183.96146500001,66947.34004947449,67709.75537492712,66914.95745351179
2026-04-02T08:00:00Z,66881.57777107079,67730.63753947293,69206.355885,66146.91,66449.29534528323,67211.82550533989,66423.8179400447
2026-04-02T09:00:00Z,66790.02715527729,67679.16661949444,69206.355885,66146.91,66473.24189207226,67242.18354316188,66465.60916502474
2026-04-02T10:00:00Z,66716.08334299344,67629.29369624978,69206.355885,66146.91,66454.28339656709,67229.3065861494,66462.04835323512
2026-04-02T11:00:00Z,66605.90482232824,67571.78293313754,69206.355885,66134.01645000001,66210.76268468781,66989.2045113742,66206.52432953172
2026-04-02T12:00:00Z,66482.97263958864,67509.77995627478,69206.355885,65928.67917,66036.96498851744,66819.4048836316,66029.77636063418
2026-04-02T13:00:00Z,66435.83871968005,67459.21220295744,69206.355885,65679.26394,66249.2383486098,67039.87737438272,66246.85148688134
2026-04-02T14:00:00Z,66531.91455975114,67435.08843957142,69206.355885,65679.26394,66841.07104638395,67643.96300388368,66884.23440900615
2026-04-02T15:00:00Z,66603.24687980645,67411.32605428279,69206.355885,65679.26394,66821.277223996,67628.42688308838,66867.26768258875
2026-04-02T16:00:00Z,66712.71423984946,67398.44948063859,69206.355885,65679.26394,67060.43563914599,67874.16280850797,67119.57192535156
2026-04-02T17:00:00Z,66705.25774210514,67369.09072632682,68687.70669,65679.26394,66641.29707554389,67452.68373716706,66696.31595823521
2026-04-02T18:00:00Z,66766.7537994151,67353.29069668082,68687.70669,65679.26394,66942.32857933723,67759.13836639123,67015.93974647511
2026-04-02T19:00:00Z,66813.25073287841,67337.89066824487,68687.70669,65679.26394,66935.80479955558,67753.24690592216,67002.10040837267
2026-04-02T20:00:00Z,66841.25057001653,67321.61962056141,68687.70669,65679.26394,66899.67286322788,67716.3246812028,66941.9173298994
2026-04-02T21:00:00Z,66862.2904433462,67305.8771870691,68687.70669,65679.26394,66898.03758500663,67713.27574554295,66939.04611504872
2026-04-02T22:00:00Z,66888.99923371371,67292.6773018826,68687.70669,65679.26394,66947.29602533078,67760.74090919892,66978.2383310333
2026-04-02T23:00:00Z,66891.88607066622,67276.7308813976,68687.70669,65679.26394,66870.55371107951,67679.75355362857,66910.3545974896
2026-04-03T00:00:00Z,66868.3247216293,67256.6953352181,68634.590145,65679.26394,66759.04695212345,67562.77311042006,66778.53973162733
2026-04-03T01:00:00Z,66815.36367237834,67231.11593378062,67464.705495,65679.26394,66608.54888788417,67405.65959468785,66617.1636865721
2026-04-03T02:00:00Z,66752.7961896276,67202.6544670957,67464.705495,65679.26394,66518.27519463521,67308.96825062498,66518.81253533141
2026-04-03T03:00:00Z,66714.39036971035,67177.23877456118,67464.705495,65679.26394,66570.74466207658,67356.34305013268,66566.7701646011
2026-04-03T04:00:00Z,66689.5613986636,67153.78657968112,67464.705495,65679.26394,66600.0096711321,67380.03134564532,66588.59162955663
2026-04-03T05:00:00Z,66669.73664340502,67131.19733153087,67464.705495,65679.26394,66604.35113532933,67378.48270941913,66589.13694765524
2026-04-03T06:00:00Z,66697.97072264834,67117.54805269287,67464.705495,65679.26394,66807.3627148659,67578.06131220823,66797.19993979164
2026-04-03T07:00:00Z,66774.43945094872,67114.46772401153,67464.705495,65679.26394,67058.98132325777,67827.11775535489,67057.50584367687
2026-04-03T08:00:00Z,66816.87290629344,67108.38291894984,67464.705495,65679.26394,66988.08671856552,67750.47479198597,66981.5379275897
2026-04-03T09:00:00Z,66826.36337156157,67098.2276977682,67464.705495,65679.26394,66887.41838488531,67644.41402481575,66870.07089090743
2026-04-03T10:00:00Z,66838.96706677011,67089.44615908379,67464.705495,65679.26394,66915.33574686229,67669.22365874026,66893.60119751768
2026-04-03T11:00:00Z,66878.62771859899,67086.5071321824,67464.705495,65679.26394,67053.28125968772,67806.23998826106,67033.05147672824
2026-04-03T12:00:00Z,66843.85711446588,67071.63582066476,67464.705495,65679.26394,66760.35963345914,67508.59518402652,66719.36522858964
2026-04-03T13:00:00Z,66805.66664458456,67055.32415451517,67464.705495,66134.98596500001,66711.62746417134,67458.98933220783,66658.28556071034
2026-04-03T14:00:00Z,66833.25405689911,67050.20112780026,67464.705495,66248.859,66969.95041389215,67721.02509962268,66928.47653733607
2026-04-03T15:00:00Z,66831.89759981041,67041.09700013493,67464.705495,66248.859,66866.47728303302,67618.36209344301,66825.93452445252
2026-04-03T16:00:00Z,66871.57813318589,67039.8465103335,67464.705495,66248.859,67048.04864863347,67805.0831937908,67015.24223418815
2026-04-03T17:00:00Z,66867.89632581125,67032.30216297295,67404.10521,66248.859,66889.62992566216,67649.05142316171,66848.9410634793
2026-04-03T18:00:00Z,66855.48158674208,67023.31146244344,67404.10521,66248.859,66842.78917247297,67606.84225102799,66815.40338940208
2026-04-03T19:00:00Z,66862.20567857717,67017.69630071105,67404.10521,66248.859,66911.83699004115,67682.72918678648,66893.76377303399
2026-04-03T20:00:00Z,66855.48886111558,67010.11604353916,67404.10521,66248.859,66852.64101299908,67629.64170333686,66828.31836702835
2026-04-03T21:00:00Z,66879.649114201,67008.24232747634,67404.10521,66248.859,66978.91245390399,67764.77643785372,66969.3557827534
2026-04-03T22:00:00Z,66881.67375548967,67003.36549778344,67404.10521,66248.859,66897.04621230828,67689.75695406804,66884.2076661125
2026-04-03T23:00:00Z,66900.03514315863,67001.77098766982,67404.10521,66248.859,66965.95876722502,67767.53976072931,66968.40279081365
2026-04-04T00:00:00Z,66898.55844467893,66997.34727388737,67404.10521,66248.859,66888.37131393576,67697.11681419119,66896.44377197142
2026-04-04T01:00:00Z,66888.21212363917,66991.41473209605,67404.10521,66248.859,66840.45185248458,67656.56379281635,66850.7354552822
2026-04-04T02:00:00Z,66878.57165171935,66985.43168180641,67404.10521,66383.47166,66827.0712306198,67650.63579229532,66845.31196393965
2026-04-04T03:00:00Z,66868.26239578171,66979.17651112043,67404.10521,66383.47166,66808.7059716708,67639.15217129819,66827.24263489252
2026-04-04T04:00:00Z,66866.58853005244,66974.34195964612,67404.10521,66383.47166,66832.17570744353,67669.35387004176,66859.67935391532
2026-04-04T05:00:00Z,66877.63330115189,66971.97249190546,67404.10521,66474.84595,66883.42952775478,67726.8781284258,66914.4911084106
2026-04-04T06:00:00Z,66907.76812311813,66973.65687999094,67404.10521,66474.84595,66976.95526186732,67826.27770327718,67017.73941876172
2026-04-04T07:00:00Z,66931.588540203,66975.34272162397,67404.10521,66474.84595,66976.30319132257,67829.27158532353,67021.07832420563
2026-04-04T08:00:00Z,66933.45775349121,66973.90016155767,67404.10521,66474.84595,66900.08806271324,67754.6270480702,66943.57244764356
2026-04-04T09:00:00Z,66945.5893638265,66974.47770598388,67404.10521,66474.84595,66947.91700815748,67804.46060728116,66993.90212712975
2026-04-04T10:00:00Z,66994.79172742061,66982.33575880087,67404.10521,66474.84595,67127.68207685443,67986.76209809996,67178.48756164886
2026-04-04T11:00:00Z,67030.82245466048,66989.46205436002,67404.10521,66474.84595,67119.62958751027,67977.70519139542,67165.96213020947
2026-04-04T12:00:00Z,67045.72190918037,66993.88686846777,67266.33636,66474.84595,67063.64505481948,67919.02118221154,67101.04657752335
2026-04-04T13:00:00Z,67078.54815158474,67002.0318942446,67300.6335,66600.683,67163.16315009598,68016.82015907124,67200.14092615526
2026-04-04T14:00:00Z,67108.92411789924,67010.73426590809,67300.6335,66718.48407,67189.79081787124,68039.90436573735,67225.56758940544
2026-04-04T15:00:00Z,67169.97653614386,67025.95572444245,67596.71146499999,66718.48407,67363.70371629238,68211.36502524925,67398.47549391784
2026-04-04T16:00:00Z,67213.68841700078,67039.86283773051,67596.71146499999,66718.48407,67352.83693066161,68195.10278872547,67374.17646310362
2026-04-04T17:00:00Z,67239.40210211172,67051.68068108844,67596.71146499999,66740.63299000001,67322.0528247614,68158.24015410422,67335.87533988962
2026-04-04T18:00:00Z,67251.86163497578,67061.63126553381,67596.71146499999,66740.63299000001,67294.81500471159,68124.71565125971,67302.88842317056
2026-04-04T19:00:00Z,67259.98571609227,67070.88794857325,67596.71146499999,66742.522045,67294.47100037934,68118.34764177825,67291.98530065904
2026-04-04T20:00:00Z,67261.85555696065,67078.94966495801,67596.71146499999,66742.522045,67280.98548719252,68098.79321439783,67270.3948166963
2026-04-04T21:00:00Z,67283.48765541385,67090.3884541434,67596.71146499999,66742.522045,67377.99832605461,68191.36955449822,67358.2831081278
2026-04-04T22:00:00Z,67309.36150976633,67103.0223947906,67596.71146499999,66742.522045,67424.40800326555,68233.18880416024,67401.16705179532
2026-04-04T23:00:00Z,67307.37450759603,67111.0794399012,67596.71146499999,66742.522045,67329.86413577768,68132.992915172,67299.33375968479
2026-04-05T00:00:00Z,67289.06906146358,67115.72925868073,67596.71146499999,66742.522045,67258.58274126386,68057.1111943814,67222.36074520201
2026-04-05T01:00:00Z,67243.72038113834,67114.47500322438,67596.71146499999,66742.522045,67121.74695928703,67915.78520947197,67077.40925822577
2026-04-05T02:00:00Z,67227.37362977426,67116.74786023563,67596.71146499999,66742.522045,67209.17218774691,68002.34280732514,67166.4830138597
2026-04-05T03:00:00Z,67209.28615649109,67117.94100879744,67596.71146499999,66742.522045,67186.11514954735,67978.14076916092,67138.0261563916
2026-04-05T04:00:00Z,67185.36701060417,67117.27606966284,67596.71146499999,66810.71793,67141.78335437915,67933.472757493,67090.55958529207
2026-04-05T05:00:00Z,67128.98545269213,67109.69949539089,67596.71146499999,66854.556,66970.59689797214,67761.50988273928,66917.98228595547
2026-04-05T06:00:00Z,67056.37535209388,67097.15012823207,67596.71146499999,66578.35417,66838.95164372977,67630.57306396165,66786.61472648275
2026-04-05T07:00:00Z,67003.98971829524,67085.86400054912,67596.71146499999,66578.35417,66854.18351913596,67649.21215759707,66810.79738796166
2026-04-05T08:00:00Z,66988.25422534074,67079.6320005267,67596.71146499999,66578.35417,66962.66524899688,67763.09169356572,66924.34749517236
2026-04-05T09:00:00Z,66998.67550859836,67077.81640866847,67596.71146499999,66578.35417,67059.74075001638,67866.20312000267,67031.00308849955
2026-04-05T10:00:00Z,67009.1942844654,67076.51818790649,67596.71146499999,66578.35417,67064.9829079907,67877.00824871752,67043.9255286771
2026-04-05T11:00:00Z,67006.92888791753,67073.35418023684,67596.71146499999,66578.35417,67011.81628319208,67829.16015773446,67001.52763324004
2026-04-05T12:00:00Z,66957.29580171364,67061.52666267614,67596.71146499999,66578.35417,66789.87746353596,67610.75115396325,66782.88045683391
2026-04-05T13:00:00Z,66942.49673466617,67054.55414583221,67596.71146499999,66578.35417,66890.3447578354,67718.81308929557,66893.32940245075
2026-04-05T14:00:00Z,66937.05968251813,67048.98173171662,67596.71146499999,66578.35417,66911.0189327107,67746.03286903808,66917.46200965469
2026-04-05T15:00:00Z,67019.18864195855,67059.49839572818,67890.08808,66578.35417,67293.08931628634,68138.93730295214,67316.82731957694
2026-04-05T16:00:00Z,67062.17338818999,67065.74825712702,67890.08808,66578.35417,67192.97343477218,68043.17995844127,67218.87535548958
2026-04-05T17:00:00Z,67131.38819081444,67078.3152670402,67890.08808,66578.35417,67348.36268859892,68205.5534694127,67387.67624439068
2026-04-05T18:00:00Z,67194.14192618901,67092.0077051202,67890.08808,66578.35417,67383.60156396881,68245.49388645192,67437.20258932923
2026-04-05T19:00:00Z,67231.22372036923,67102.9873906255,67890.08808,66578.35417,67326.80864333529,68191.32134665071,67378.58994423247
2026-04-05T20:00:00Z,67326.1406713983,67125.65525223261,67890.08808,66578.35417,67620.88529308425,68491.51645666685,67685.72465967815
2026-04-05T21:00:00Z,67376.64941108756,67143.11544601903,67890.08808,66578.35417,67513.95250558887,68384.44263326624,67562.69262928177
2026-04-05T22:00:00Z,67590.37843084589,67191.90379516111,68408.937375,66578.35417,68297.50558471799,69178.17602913691,68379.01035927863
2026-04-05T23:00:00Z,67911.22322399124,67267.09874229738,69170.76809999999,66578.35417,68992.98640657771,69881.49300711585,69090.97316330446
2026-04-06T00:00:00Z,68171.79139643763,67341.24899771382,69622.794,66578.35417,69043.84682717733,69930.67136878958,69140.84117856197
2026-04-06T01:00:00Z,68313.6555305626,67401.20536515406,69622.794,66578.35417,68772.79219394372,69652.64646538247,68860.89471800404
2026-04-06T02:00:00Z,68512.3965237709,67474.95167678042,69622.794,66578.35417,69173.82919986873,70054.20783620229,69261.68823558808
2026-04-06T03:00:00Z,68648.23951848848,67542.24711854447,69622.794,66578.35417,69093.95533426401,69967.72004769096,69177.96703309809
2026-04-06T04:00:00Z,68757.91962549103,67607.53499125694,69622.794,66578.35417,69117.26748556494,69984.85747098192,69171.43225724505
2026-04-06T05:00:00Z,68856.00637538191,67672.50539977706,69622.794,66578.35417,69180.65180350661,70041.84058898818,69205.50979867962
2026-04-06T06:00:00Z,68882.82051418594,67725.73660794942,69622.794,66647.22971500001,68964.46301264908,69815.23545078382,68972.66160973262
2026-04-06T07:00:00Z,68934.61817770018,67782.47837905353,69622.794,66647.22971500001,69110.42143301114,69954.88412617212,69127.37868572235
2026-04-06T08:00:00Z,68999.06524932236,67841.34171052073,69622.794,66647.22971500001,69226.03881525491,70063.61373230892,69225.2541425144
2026-04-06T09:00:00Z,69161.05074947295,67918.3481713158,70318.46166,66647.22971500001,69736.33596557657,70571.74393852144,69750.50257078558
2026-04-06T10:00:00Z,69296.56836070119,67993.96171534371,70318.46166,66647.22971500001,69785.91109039889,70613.78395520168,69794.28291381912
2026-04-06T11:00:00Z,69367.31094721204,68060.12286981948,70318.46166,66647.22971500001,69636.16689884124,70454.55976304086,69630.47183530958
2026-04-06T12:00:00Z,69367.18629227603,68113.45458941867,70318.46166,66660.563045,69393.58121598263,70202.03095089145,69381.3634865958
2026-04-06T13:00:00Z,69380.75156065913,68167.11889189137,70318.46166,66787.12973,69459.99585009301,70262.86717173942,69439.9451296573
2026-04-06T14:00:00Z,69441.55788051266,68227.8234269162,70318.46166,66795.60549,69690.29295975965,70490.34349500525,69670.46671599316
2026-04-06T15:00:00Z,69558.73835150985,68298.8865523482,70318.46166,67139.8133,70008.00723337302,70807.20895330056,69977.91136140269
2026-04-06T16:00:00Z,69612.16094006322,68360.12138694622,70386.63573000001,67154.356025,69840.15499274465,70634.05299763652,69800.2001430072
2026-04-06T17:00:00Z,69603.81628671584,68409.69235074433,70386.63573000001,67243.031665,69616.32639399363,70405.45607675711,69573.09973030286
2026-04-06T18:00:00Z,69667.18377855676,68470.07103030579,70386.63573000001,67243.031665,69930.55065295007,70722.19285592731,69908.47096197624
2026-04-06T19:00:00Z,69683.26071665526,68521.88568213003,70386.63573000001,67298.99367000001,69779.54832465014,70569.61049807369,69751.2072247815
2026-04-06T20:00:00Z,69714.98277962077,68575.11524612471,70386.63573000001,67313.37647500001,69863.49227887555,70655.77442806092,69832.45383516264
2026-04-06T21:00:00Z,69668.31771748282,68613.06931771146,70386.63573000001,67313.37647500001,69538.69218318348,70329.62069791155,69487.86634622594
2026-04-06T22:00:00Z,69477.8026691533,68621.14812107017,70386.63573000001,68231.996935,68839.86924349093,69626.11451947039,68775.92189378939
2026-04-06T23:00:00Z,69339.10429823035,68630.63840184282,70386.63573000001,68265.85,68877.24735698722,69668.02317015381,68827.48740524893
2026-04-07T00:00:00Z,69213.90334306804,68636.55928340025,70386.63573000001,68265.85,68793.31391756967,69587.91550025152,68736.65963054792
2026-04-07T01:00:00Z,69033.0381557196,68626.9042106084,70386.63573000001,68265.85,68411.12797517757,69206.60238034622,68354.2100530731
2026-04-07T02:00:00Z,68953.25189889301,68628.82648772642,70386.63573000001,68239.20333,68678.42779676388,69482.66788999026,68633.76831410229
2026-04-07T03:00:00Z,68914.57592136123,68634.96459026818,70386.63573000001,68239.20333,68776.77665091612,69587.9981587691,68752.87302763248
2026-04-07T04:00:00Z,68901.25904994762,68643.9313416858,70386.63573000001,68239.20333,68845.40603022564,69663.24686089212,68856.28777604924
2026-04-07T05:00:00Z,68849.64592773704,68644.95455222923,70386.63573000001,68239.20333,68653.24685104314,69474.38518922823,68662.10415180585
2026-04-07T06:00:00Z,68787.13572157326,68641.82783581171,70386.63573000001,68239.20333,68546.531350319,69371.57127064612,68560.6124640624
2026-04-07T07:00:00Z,68751.01889455698,68641.12506700306,70386.63573000001,68239.20333,68597.28503010786,69427.55508636723,68633.04122585349
2026-04-07T08:00:00Z,68792.28358465544,68653.18975814579,70386.63573000001,68239.20333,68904.50809454426,69742.41894702183,68946.56927152902
2026-04-07T09:00:00Z,68871.78723250979,68673.46976801738,70386.63573000001,68239.20333,69113.87625743273,69957.4157510092,69163.94741321336
2026-04-07T10:00:00Z,68730.93006972983,68655.69263462891,70386.63573000001,68165.90000000001,68199.4015787778,69033.87596636443,68215.3856864213
2026-04-07T11:00:00Z,68645.33449867876,68643.04191484813,70386.63573000001,68037.92402,68305.39384661145,69142.2394726192,68333.74057765506
2026-04-07T12:00:00Z,68589.0779434168,68632.8026530176,70386.63573000001,68037.92402,68351.14754733242,69188.55511543337,68385.59964551435
2026-04-07T13:00:00Z,68509.72506710196,68616.44295289443,70386.63573000001,68037.92402,68191.54078166313,69025.90658763296,68217.45000424726
2026-04-07T14:00:00Z,68365.44838552375,68585.58732216404,70386.63573000001,67729.75818,67821.85038187145,68649.54567552381,67822.65296759235
2026-04-07T15:00:00Z,68321.59318874069,68568.54702330018,70386.63573000001,67698.14399499999,68131.97729748716,68960.27544762152,68133.25159981694
2026-04-07T16:00:00Z,68301.2369245761,68554.72836928793,70009.06704,67698.14399499999,68197.52096182987,69022.48173045793,68229.69228548522
2026-04-07T17:00:00Z,68391.14205244808,68560.89496645983,70009.06704,67698.14399499999,68677.73280620451,69503.48875174724,68719.30544085504
2026-04-07T18:00:00Z,68402.5615963485,68556.06374333902,70009.06704,67698.14399499999,68419.93611301147,69236.8804320288,68444.41930170638
2026-04-07T19:00:00Z,68537.83457493772,68574.64440687619,70009.06704,67698.14399499999,68994.5601045326,69812.03558012794,69040.06961584101
2026-04-07T20:00:00Z,68711.5135582849,68605.04218618736,69860.913,67698.14399499999,69309.1298941636,70123.57241113108,69370.45079907721
2026-04-07T21:00:00Z,68981.76387866604,68659.02577042462,70251.78833999998,67698.14399499999,69924.17860988424,70738.80920993842,69987.27013772362
2026-04-07T22:00:00Z,69544.50301674026,68775.55900428483,71563.764,67698.14399499999,71517.69321406922,72343.66254227339,71603.6254000231
2026-04-07T23:00:00Z,70073.32901302021,68904.07577962015,72797.3805,67698.14399499999,71934.92754620925,72758.62230818394,72013.18514433644
2026-04-08T00:00:00Z,70437.07589901572,69018.61105392137,72797.3805,67698.14399499999,71727.63241057163,72542.25280145988,71799.65046212544
2026-04-08T01:00:00Z,70668.16347701222,69118.95223539395,72797.3805,67698.14399499999,71500.61858501138,72306.54063826882,71553.41232784615
2026-04-08T02:00:00Z,70823.00270434283,69210.62520537787,72797.3805,67698.14399499999,71394.150245945,72193.49424562158,71432.14110898782
2026-04-08T03:00:00Z,70926.19988115554,69295.39111536245,72797.3805,67698.14399499999,71321.35250732947,72115.39688779566,71335.63062142479
2026-04-08T04:00:00Z,71068.4176853432,69388.07637595989,72797.3805,67698.14399499999,71604.13313789689,72397.84829327365,71568.13458177759
2026-04-08T05:00:00Z,71215.6804219336,69483.70999326765,72797.3805,67698.14399499999,71771.9530595431,72565.17700001321,71723.88827370554
2026-04-08T06:00:00Z,71330.57143928169,69575.50509558326,72797.3805,67698.14399499999,71775.22428047004,72567.34440393174,71733.53399742731
2026-04-08T07:00:00Z,71396.57556388575,69659.26366311047,72797.3805,67698.14399499999,71670.56276605112,72461.64483227524,71633.24492184917
2026-04-08T08:00:00Z,71486.2254385778,69746.64065645289,72797.3805,67698.14399499999,71842.38441963553,72636.75109322782,71816.28829014984
2026-04-08T09:00:00Z,71529.03534111608,69825.50716027114,72797.3805,67698.14399499999,71719.3196583526,72514.95896037866,71693.5390719691
2026-04-08T10:00:00Z,71517.46748753473,69892.91421495394,72797.3805,67698.14399499999,71514.33987382158,72311.52139706191,71473.64025003706
2026-04-08T11:00:00Z,71552.50137919368,69965.65730822113,72797.3805,67698.14399499999,71708.5610903153,72512.84251280727,71673.02265439992
2026-04-08T12:00:00Z,71667.93440603952,70051.62843849782,72797.3805,67698.14399499999,72100.5997173884,72915.23932017553,72084.67318453423
2026-04-08T13:00:00Z,71652.84009358629,70114.82768590607,72893.4285,67698.14399499999,71622.73939537021,72438.75354886887,71598.97618016721
2026-04-08T14:00:00Z,71488.40451723378,70147.40124974665,72893.4285,67698.14399499999,70929.08969653524,71744.59181531545,70881.03056601564
2026-04-08T15:00:00Z,71448.75906895961,70194.85425996107,72893.4285,68050.967495,71319.51186971275,72147.44106726452,71296.31398577543
2026-04-08T16:00:00Z,71482.83483141303,70252.2928615953,72893.4285,68164.12089,71604.56973449362,72444.09323089894,71606.7972150869
2026-04-08T17:00:00Z,71572.91375776568,70319.06417336692,72893.4285,68323.92095000001,71883.49149325561,72734.71702284603,71896.18915593944
2026-04-08T18:00:00Z,71467.7395893733,70350.92400302542,72893.4285,68323.92095000001,71088.01244561782,71938.0678621664,71064.96449052915
2026-04-08T19:00:00Z,71434.57079173479,70390.41608453458,72893.4285,68976.784355,71300.15759770952,72160.73593164458,71307.9978769234
2026-04-08T20:00:00Z,71420.87283801594,70430.51869332907,72893.4285,69277.18408,71348.4275953331,72217.10114726986,71390.1431302195
2026-04-08T21:00:00Z,71449.87665179018,70476.26854258095,72893.4285,69892.686175,71521.32564492626,72398.97808673207,71560.45114633233
2026-04-08T22:00:00Z,71364.31295139236,70500.29186737355,72893.4285,70671.876385,71030.34432649329,71907.98916174503,71045.07521044226
2026-04-08T23:00:00Z,71298.8945177496,70523.54240339911,72893.4285,70671.876385,71031.75183303021,71914.48839645532,71040.38763583341
2026-04-09T00:00:00Z,71191.47351380525,70535.45903999505,72893.4285,70614.675,70774.84592664077,71658.39952056984,70804.92287141565
2026-04-09T01:00:00Z,71133.12162184854,70551.51744652586,72893.4285,70430.767,70886.68253607988,71774.52323817652,70914.44984352632
2026-04-09T02:00:00Z,71117.01459477108,70572.29795891256,72893.4285,70430.767,71018.03496718274,71909.24443847167,71049.02664832518
2026-04-09T03:00:00Z,71089.3202403775,70589.44457283449,72893.4285,70430.767,70950.68662695074,71841.588791117,70971.85177069533
2026-04-09T04:00:00Z,71021.02685362694,70597.30397802491,72893.4285,70430.767,70742.43072914632,71630.09411093924,70771.47044014638
2026-04-09T05:00:00Z,71012.79866393207,70613.08748912593,72893.4285,70430.767,70947.43378856627,71835.93366149839,70980.7825010143
2026-04-09T06:00:00Z,71017.03007194717,70630.17942834528,72893.4285,70430.767,70999.38129015538,71885.76770007341,71039.96174886348
2026-04-09T07:00:00Z,71009.24783373668,70644.53985984139,72893.4285,70430.767,70954.6022218696,71836.75367308053,70984.00325894004
2026-04-09T08:00:00Z,71062.63942623964,70669.23251862336,72893.4285,70430.767,71227.808473269,72108.88775097989,71256.6010167502
2026-04-09T09:00:00Z,71167.5373315197,70704.55690561833,72893.4285,70430.767,71519.32823945087,72398.90491518867,71554.92569998204
2026-04-09T10:00:00Z,71191.74014673755,70727.89948089921,72893.4285,70430.767,71267.99096224859,72138.94321790354,71294.9338704557
2026-04-09T11:00:00Z,71182.50233635142,70745.13501229108,72893.4285,70430.767,71148.78515510805,72012.50281285234,71156.40884122513
2026-04-09T12:00:00Z,71204.08626160666,70766.95113423838,72893.4285,70430.767,71285.35313461059,72144.88065039131,71288.93097167196
2026-04-09T13:00:00Z,71114.72931458295,70768.3808838613,71999.92197,70430.767,70814.57008930945,71662.74773297973,70795.25500777243
2026-04-09T14:00:00Z,71116.72502245341,70782.88411309145,71999.92197,70430.767,71142.94348241741,71989.6823180496,71119.00388540499
2026-04-09T15:00:00Z,71344.56168413043,70838.35782276119,72394.17899999999,70430.767,72167.6386667453,73021.64050682918,72164.61870082119
2026-04-09T16:00:00Z,71508.18575432367,70889.07260550563,72435.1995,70430.767,72111.92133997093,72961.01937740158,72110.5916638768
2026-04-09T17:00:00Z,71694.69780891841,70948.59984609723,72586.275,70430.767,72383.23693785674,73232.10561132271,72390.62951779386
2026-04-09T18:00:00Z,71737.80718471433,70986.97087278713,72586.275,70430.767,71927.77754564505,72768.85784478999,71911.38081105724
2026-04-09T19:00:00Z,71817.47669922226,71032.25042899989,72586.275,70430.767,72138.01166035044,72980.15156514497,72142.56896048349
2026-04-09T20:00:00Z,71950.03076606175,71088.64714618356,72586.275,70430.767,72457.18703362058,73302.77531147574,72460.11148877806
2026-04-09T21:00:00Z,72020.01281804802,71136.65950756382,72736.34999999999,70430.767,72308.22178805406,73152.95420682905,72269.56606568696
2026-04-09T22:00:00Z,72003.56774737069,71169.6942215408,73181.5725,70430.767,71988.03994341512,72831.06661771533,71940.96588983641
2026-04-09T23:00:00Z,71955.65713684386,71194.92996760036,73181.5725,70430.767,71827.69682168863,72671.99779633491,71767.40587768728
2026-04-10T00:00:00Z,71957.29555087855,71226.28098933096,73181.5725,70430.767,71999.53385484479,72850.07457175873,71965.82001126824
2026-04-10T01:00:00Z,72001.88098401665,71264.30747956234,73181.5725,70487.50861500001,72190.18949396556,73048.18146195376,72160.24199760404
2026-04-10T02:00:00Z,71993.76520979073,71292.92186815162,73181.5725,70487.50861500001,71992.31012867909,72853.97723528497,71948.77374968429
2026-04-10T03:00:00Z,71965.96627428167,71316.42179190053,73181.5725,70487.50861500001,71889.62178395709,72756.771454108,71853.98288750224
2026-04-10T04:00:00Z,71999.59376888575,71349.11029019029,73181.5725,70487.50861500001,72131.74884639477,73009.07979751445,72123.72069980117
2026-04-10T05:00:00Z,72028.09293135558,71380.89517630497,73181.5725,70487.50861500001,72135.33381928693,73020.31047123937,72140.58600158452
2026-04-10T06:00:00Z,71978.60116883212,71398.2210874762,73181.5725,70487.50861500001,71805.69757063471,72694.34125592584,71799.48696706891
2026-04-10T07:00:00Z,71868.21202020276,71401.63451247718,73181.5725,70487.50861500001,71475.04681490915,72367.21654891277,71457.18401505552
2026-04-10T08:00:00Z,71809.95823793548,71409.97881809034,73181.5725,70487.50861500001,71592.31216369722,72493.31741421296,71592.73307560332
2026-04-10T09:00:00Z,71804.94751839427,71425.38417245401,73181.5725,70487.50861500001,71767.03915507997,72677.17739645702,71784.36700586669
2026-04-10T10:00:00Z,71828.31251430666,71445.16808378242,73181.5725,70487.50861500001,71883.66044656147,72801.58057268085,71902.3556204145
2026-04-10T11:00:00Z,71894.81862223851,71473.0220395464,73181.5725,70487.50861500001,72095.77306324868,73021.90859407332,72127.58062503251
2026-04-10T12:00:00Z,71975.6767061855,71505.08971140164,73181.5725,70487.50861500001,72222.37150887397,73154.68375906438,72275.64543678876
2026-04-10T13:00:00Z,72052.50410481094,71538.40849869137,73181.5725,70487.50861500001,72281.62952711474,73218.16900337274,72352.3679998307
2026-04-10T14:00:00Z,72242.83652596406,71594.35100894887,73192.15779,70893.97528000001,72866.55919553139,73812.96967615036,72955.5794954187
2026-04-10T15:00:00Z,72291.20840908316,71629.70443715504,73326.60498,71390.436925,72417.16644989986,73358.76192610597,72485.53130890844
2026-04-10T16:00:00Z,72447.01320706468,71685.32180706708,73326.60498,71390.436925,72948.70599515345,73896.94401703471,73031.68501651862
2026-04-10T17:00:00Z,72596.93471660587,71743.94785575822,73326.60498,71390.436925,73079.20754802998,74027.57397284235,73158.02366169528
2026-04-10T18:00:00Z,72710.29811291568,71799.5854942987,73326.60498,71390.436925,73067.05088944599,74012.42930325436,73138.36453244572
2026-04-10T19:00:00Z,72827.14519893442,71858.21914759262,73326.60498,71390.436925,73199.56043207218,74142.62246947573,73269.73234405459
2026-04-10T20:00:00Z,72945.93071028232,71919.58489667048,73470.71699999999,71390.436925,73329.62866865196,74269.23183554104,73378.62502769542
2026-04-10T21:00:00Z,73000.31721910847,71971.46592129617,73470.71699999999,71390.436925,73164.1298396421,74095.52469516947,73217.75633491983
2026-04-10T22:00:00Z,72972.91339263992,72008.42649593715,73470.71699999999,71390.436925,72856.71910998499,73777.33158540152,72872.6842028512
2026-04-10T23:00:00Z,72970.64374983106,72047.37643487848,73470.71699999999,71390.436925,72949.1107319519,73863.37977957877,72956.75780798057
2026-04-11T00:00:00Z,72939.03847209082,72079.2557640671,73470.71699999999,71390.436925,72821.93476737305,73726.67023890624,72818.04184488548
2026-04-11T01:00:00Z,72942.4499227373,72114.97552879904,73470.71699999999,71390.436925,72955.16485988873,73853.35978901618,72943.89846210295
2026-04-11T02:00:00Z,72947.80993990679,72149.73448680724,73470.71699999999,71390.436925,72974.59603543788,73864.79680861048,72951.92158840629
2026-04-11T03:00:00Z,72929.76995326084,72178.99552816204,73470.71699999999,71390.436925,72881.66403191251,73762.67821166008,72854.58146025994
2026-04-11T04:00:00Z,72902.28329698066,72204.59081272685,73470.71699999999,71390.436925,72827.69839601235,73700.38202077516,72803.42361215357
2026-04-11T05:00:00Z,72862.28256431829,72225.72098363595,73470.71699999999,71390.436925,72749.86434448695,73614.50072545449,72713.31422953577
2026-04-11T06:00:00Z,72839.99755002533,72247.60992307939,73470.71699999999,71390.436925,72794.82863685008,73653.60661955674,72759.51195270059
2026-04-11T07:00:00Z,72818.97142779749,72267.92706907615,73470.71699999999,71390.436925,72782.51958014135,73635.63565188894,72737.57791686195
2026-04-11T08:00:00Z,72784.57111050916,72284.10024993018,73470.71699999999,71547.67826500001,72704.55361986796,73552.24255637496,72652.917233859
2026-04-11T09:00:00Z,72811.80197484046,72309.52921932079,73470.71699999999,71675.74420000002,72949.80220612296,73796.91806370608,72908.62874565524
2026-04-11T10:00:00Z,72818.89264709814,72331.33251649137,73470.71699999999,71863.560245,72887.35463835119,73731.47448435758,72845.12177577413
2026-04-11T11:00:00Z,72838.48316996521,72354.83118928764,73470.71699999999,71863.560245,72950.51240757316,73794.2813956324,72913.9871524246
2026-04-11T12:00:00Z,72861.1513544174,72378.7356305412,73470.71699999999,71863.560245,72982.54701059853,73826.7918362814,72947.19139517438
2026-04-11T13:00:00Z,72816.02216454686,72390.13703337625,73470.71699999999,72221.871,72697.3833205332,73539.58138822364,72654.80078570433
2026-04-11T14:00:00Z,72791.277239092,72402.9751136466,73470.71699999999,72319.692065,72740.33582081812,73585.36308126787,72706.18949815007
2026-04-11T15:00:00Z,72806.14229707155,72421.55449676306,73470.71699999999,72351.216295,72889.24014065943,73739.31524552825,72856.33615408717
2026-04-11T16:00:00Z,72856.8506755001,72446.56574179314,73470.71699999999,72476.833455,73059.92984367855,73916.17793629458,73041.48674866806
2026-04-11T17:00:00Z,72909.98830316674,72473.07203804646,73470.71699999999,72476.833455,73115.33128848964,73977.11961584,73103.06293838898
2026-04-11T18:00:00Z,73051.74423579636,72516.94215894252,73762.993065,72476.833455,73560.53223868512,74433.02581168387,73570.53102721738
2026-04-11T19:00:00Z,73192.9455167305,72564.7057442918,73826.89499999999,72476.833455,73692.61345073901,74572.49103818953,73724.72953196104
2026-04-11T20:00:00Z,73214.60873523483,72594.32714248396,73826.89499999999,72476.833455,73288.5494928312,74169.53895416584,73312.2783144603
2026-04-11T21:00:00Z,73261.81568296043,72628.31542238257,73826.89499999999,72476.833455,73417.8800227738,74306.32023585968,73448.27023144824
2026-04-11T22:00:00Z,73287.19219785811,72658.83356840778,73826.89499999999,72476.833455,73359.83915941733,74253.2174466983,73388.82456530463
2026-04-11T23:00:00Z,73232.9628205563,72674.52036153399,73826.89499999999,72476.833455,73020.52323464668,73914.94137971058,73041.18127094084
2026-04-12T00:00:00Z,73198.96219376601,72691.06891820607,73826.89499999999,72476.833455,73051.39691698654,73950.74485156547,73062.66982779768
2026-04-12T01:00:00Z,72853.3461507069,72648.31875827929,73826.89499999999,71274.345,71610.66564072185,72495.96857034993,71579.20091694905
2026-04-12T02:00:00Z,72610.6803394387,72612.11595181891,73826.89499999999,71274.345,71724.15724314621,72613.65222207435,71709.79803765065
2026-04-12T03:00:00Z,72384.57137511899,72570.52713745895,73826.89499999999,71274.345,71553.00820419214,72442.14421581288,71533.67790024033
2026-04-12T04:00:00Z,72180.5621806481,72525.46602980756,73826.89499999999,71274.345,71424.46015060358,72312.65924025745,71405.20521950329
2026-04-12T05:00:00Z,72076.0372516152,72492.18986532562,73826.89499999999,71274.345,71667.19076859108,72557.91539165594,71664.2694879591
2026-04-12T06:00:00Z,71985.36452903404,72458.54987082254,73826.89499999999,71274.345,71625.42183559849,72513.9606188228,71619.77864760382
2026-04-12T07:00:00Z,71914.1724114709,72426.16008017672,73826.89499999999,71274.345,71623.989589684,72509.68426997404,71665.79934796167
2026-04-12T08:00:00Z,71850.84743114404,72393.63150547563,73826.89499999999,71274.345,71590.93122485725,72472.28043612544,71624.26736545165
2026-04-12T09:00:00Z,71779.97911311203,72358.46042361947,73826.89499999999,71274.345,71497.48007841196,72372.71633724417,71529.6454399172
2026-04-12T10:00:00Z,71707.29264353157,72321.49836551255,73826.89499999999,71274.345,71423.18482054949,72291.63318600012,71452.37860150513
2026-04-12T11:00:00Z,71654.23872274678,72286.68414651204,73826.89499999999,71274.345,71444.37942039456,72306.41948806147,71459.53996731559
2026-04-12T12:00:00Z,71527.52122880306,72237.59540583807,73826.89499999999,71041.90128,71066.14701542712,71916.36856611498,71062.58403659129
2026-04-12T13:00:00Z,71385.72095573571,72182.56783825284,73826.89499999999,70831.38659000001,70878.260239279,71718.55150579056,70861.33253370978
2026-04-12T14:00:00Z,71244.08074335,72124.02792648743,73826.89499999999,70664.65000000001,70744.1521912264,71574.92853186779,70716.70411388931
2026-04-12T15:00:00Z,71165.84724482778,72073.74229683488,73826.89499999999,70568.767965,70894.9138378681,71719.45871739234,70868.63676940568
2026-04-12T16:00:00Z,71114.83007931049,72027.31485614774,73826.89499999999,70568.767965,70946.16023673862,71763.43414503401,70917.24358660945
2026-04-12T17:00:00Z,71120.5367283526,71991.11873957029,73826.89499999999,70568.767965,71157.17859702668,71969.3328821691,71128.31842774549
2026-04-12T18:00:00Z,71124.33745538536,71956.28287264906,73826.89499999999,70568.767965,71160.59560939761,71965.7687797499,71139.65240367652
2026-04-12T19:00:00Z,71115.41357641084,71920.68683703072,73726.81498499999,70568.767965,71112.76561482614,71911.090017271,71091.49207072832
2026-04-12T20:00:00Z,71164.3061149862,71896.7988028662,73610.787,70568.767965,71368.98886034341,72164.72970153068,71357.31549346894
2026-04-12T21:00:00Z,71208.6869783226,71875.0527292798,73610.787,70568.767965,71401.53606386125,72193.18561959208,71381.67472850542
2026-04-12T22:00:00Z,71142.91876091757,71835.77425053368,73412.69800499998,70470.62706000001,70952.89450704416,71736.25622414703,70911.84756318302
2026-04-12T23:00:00Z,71053.59903626922,71791.08877092006,73173.80862,70470.62706000001,70782.81552155886,71562.18505726232,70726.17889577177
2026-04-13T00:00:00Z,71080.04813932051,71765.84514761719,73173.80862,70470.62706000001,71215.32338675886,71998.57683950495,71173.93232891186
2026-04-13T01:00:00Z,71106.17966391596,71742.65310077567,72018.45123,70470.62706000001,71239.7873336673,72023.69843973845,71201.89928074148
2026-04-13T02:00:00Z,71098.83751637908,71715.32603543789,71897.260665,70470.62706000001,71113.47755698647,71897.63616809084,71063.36779811751
2026-04-13T03:00:00Z,71071.54029051706,71685.14946256287,71841.75292500001,70470.62706000001,71013.4323539095,71799.3225001645,70961.61684181646
2026-04-13T04:00:00Z,71031.26467040216,71652.70662735621,71841.75292500001,70470.62706000001,70923.80439591149,71712.65253017412,70889.45915857737
2026-04-13T05:00:00Z,70997.38807697946,71621.11941807636,71841.75292500001,70470.62706000001,70907.5084637405,71701.13430675554,70883.99497921107
2026-04-13T06:00:00Z,71001.89294876182,71596.48842142017,71841.75292500001,70470.62706000001,71040.78811410305,71841.75092278648,71011.86737150345
2026-04-13T07:00:00Z,70960.1122934814,71564.54522054587,71841.75292500001,70470.62706000001,70830.70219764438,71635.84170122448,70799.6525782652
2026-04-13T08:00:00Z,70898.02067270776,71528.46990542155,71718.56135999999,70470.62706000001,70690.79741698656,71501.42020539506,70666.15701561133
2026-04-13T09:00:00Z,70874.6560787727,71498.44582764924,71718.56135999999,70470.62706000001,70796.00939769209,71615.27637093145,70786.04019970796
2026-04-13T10:00:00Z,70848.261394601,71468.13701835743,71591.89805999999,70470.62706000001,70751.94068569351,71578.28766456827,70750.85257336282
2026-04-13T11:00:00Z,70866.354418023,71446.15918087345,71535.75,70470.62706000001,70918.75601441473,71754.61678248532,70931.58841386024
2026-04-13T12:00:00Z,70912.70010290678,71431.00615308271,71487.726,70470.62706000001,71057.27773301568,71902.11157981178,71077.05831483043
2026-04-13T13:00:00Z,71079.35563559415,71440.46100397728,71736.67041,70470.62706000001,71638.62341758098,72497.33720468142,71693.92973763686
2026-04-13T14:00:00Z,71372.865494351,71479.63198340678,72437.20049999999,70470.62706000001,72370.23605358107,73244.14288236121,72459.10268855223
2026-04-13T15:00:00Z,71482.5820511619,71495.42618816569,72500.51213999999,70470.62706000001,71832.12088446697,72705.13495477218,71905.61237965847
2026-04-13T16:00:00Z,71642.53270645926,71524.28062946504,72500.51213999999,70470.62706000001,72163.89162930942,73045.65821403236,72253.34791913003
2026-04-13T17:00:00Z,71755.05210502387,71549.77407316034,72636.3,70470.62706000001,72107.66006530177,72992.43608987522,72192.70969049903
2026-04-13T18:00:00Z,71903.89830390747,71585.49186609256,72636.3,70470.62706000001,72381.85820836708,73272.6047572462,72472.88815782429
2026-04-13T19:00:00Z,72219.21423637247,71656.40321849695,73516.73999999999,70470.62706000001,73278.83707882786,74182.09314679369,73380.23789912902
2026-04-13T20:00:00Z,72425.91329495636,71717.34022998688,73516.73999999999,70470.62706000001,73106.25025621075,74007.66694551769,73177.1293417515
2026-04-13T21:00:00Z,72593.42367385495,71777.02879202821,73516.73999999999,70470.62706000001,73138.54703493125,74039.48881058033,73226.6326527411
2026-04-13T22:00:00Z,73045.33841299829,71893.35578010869,74783.983305,70531.70650500001,74588.22977914875,75505.0079606776,74703.78275752108
2026-04-13T23:00:00Z,73350.37209899866,71996.40207479813,74937.45,70531.70650500001,74383.5190361874,75294.72364163626,74491.2493308065
2026-04-14T00:00:00Z,73531.13829922117,72084.86811256145,74937.45,70531.70650500001,74134.63490937186,75038.82068699124,74223.58532688576
2026-04-14T01:00:00Z,73721.11201050536,72178.79267939567,74937.45,70531.70650500001,74362.74233803665,75264.94502135331,74424.7847785889
2026-04-14T02:00:00Z,73856.63823039306,72266.6370598285,74937.45,70531.70650500001,74314.35462424372,75210.59072626795,74373.70859241288
2026-04-14T03:00:00Z,73987.25862363903,72355.5265675906,74937.45,70531.70650500001,74434.88588991531,75326.75228494585,74489.8829197547
2026-04-14T04:00:00Z,74076.27892949703,72438.47854442363,74937.45,70531.70650500001,74385.67868315834,75270.89717867227,74378.92821004972
2026-04-14T05:00:00Z,74106.01916738658,72510.79003240634,74937.45,70531.70650500001,74215.35184276797,75092.4633593661,74202.34888881884
2026-04-14T06:00:00Z,74198.621574634,72592.91003108364,74937.45,70531.70650500001,74535.28722136124,75410.24296390582,74536.18865633836
2026-04-14T07:00:00Z,74275.81678027089,72672.62798899859,74962.10231999999,70531.70650500001,74565.50860270683,75435.25001799363,74552.00636566307
2026-04-14T08:00:00Z,74381.19082909959,72757.41868332517,74962.10231999999,70642.66100000001,74775.98632984736,75643.16071727179,74765.69803805476
2026-04-14T09:00:00Z,74407.59286707746,72828.5444513527,74962.10231999999,70652.93586,74531.58450902608,75391.65538979699,74502.08518848229
2026-04-14T10:00:00Z,74394.79667439358,72890.64508599136,74962.10231999999,70700.921855,74386.33100836164,75241.35492743898,74348.59179827658
2026-04-14T11:00:00Z,74390.73519119501,72951.29304166518,74962.10231999999,70723.12075,74416.64881592574,75269.67010745638,74382.76782473252
2026-04-14T12:00:00Z,74404.34959315167,73012.54638690334,74962.10231999999,70783.160715,74494.85500829939,75347.54380213028,74449.3506395657
2026-04-14T13:00:00Z,74653.59190578463,73115.13388131544,75570.70647,71339.55238000001,75570.93258402812,76435.90503162863,75561.88596382452
2026-04-14T14:00:00Z,74733.59814894361,73192.6231106495,76076.019,71616.82367499999,75058.57804033521,75918.89651065881,75023.51498781404
2026-04-14T15:00:00Z,74863.25856028947,73279.33522858216,76076.019,71643.96010000001,75361.23067334446,76227.48587002802,75347.29258614301
2026-04-14T16:00:00Z,74816.35665800291,73335.37052537472,76076.019,72017.75311,74693.7872052974,75556.02692696794,74663.53918577511
2026-04-14T17:00:00Z,74801.36628955782,73393.06560597166,76076.019,72017.75311,74787.20059018317,75655.32739934484,74762.86133076435
2026-04-14T18:00:00Z,74643.9937807672,73421.64211185036,76076.019,72262.780535,74126.79129588156,74993.05984254442,74079.86389079606
2026-04-14T19:00:00Z,74550.47960726338,73454.35794401974,76076.019,72970.57646000001,74251.53643183004,75125.99788775884,74177.93932106408
2026-04-14T20:00:00Z,74450.88191676041,73480.80415038628,76076.019,73036.31357500001,74124.52049354994,75004.97421407356,74069.53145978796
2026-04-14T21:00:00Z,74412.27482414698,73513.30806261541,76076.019,73135.423995,74292.72131211993,75183.27050702718,74240.14943415982
2026-04-14T22:00:00Z,74325.80264100322,73534.1179376107,76076.019,73758.57226500001,74031.54931594565,74927.43681423806,74000.09937239833
2026-04-14T23:00:00Z,74282.63538744695,73558.50291974904,76076.019,73758.57226500001,74132.59932746283,75038.38773703968,74108.91137321849
2026-04-15T00:00:00Z,74346.12974579207,73599.72157608581,76076.019,73758.57226500001,74561.98058877865,75481.73166822728,74586.1410550339
2026-04-15T01:00:00Z,74405.4964689494,73641.09130767414,76076.019,73758.57226500001,74599.63424786844,75528.34671817636,74627.90158747493
2026-04-15T02:00:00Z,74386.94169807175,73668.88349919765,76076.019,73758.57226500001,74301.55006857777,75234.5857228558,74330.24845253897
2026-04-15T03:00:00Z,74377.83687627803,73696.51968290386,76076.019,73758.57226500001,74319.22073380042,75259.88988717455,74348.55267925838
2026-04-15T04:00:00Z,74369.51312599402,73722.79969584657,76076.019,73758.57226500001,74308.08173987582,75255.21652830776,74352.28160288099
2026-04-15T05:00:00Z,74292.17687577313,73734.99154499568,76076.019,73758.57226500001,73984.70434709836,74933.3368817519,74017.38114234588
2026-04-15T06:00:00Z,74203.16423671243,73741.3845431591,76076.019,73758.57226500001,73851.27905760343,74802.72100304444,73866.8953664252
2026-04-15T07:00:00Z,74098.11218410966,73740.93741894852,76076.019,73477.243,73687.69063283197,74640.34480290957,73698.63682197564
2026-04-15T08:00:00Z,74100.86725430751,73756.02201409348,76076.019,73477.243,74066.24163295842,75025.85766525292,74102.61500703647
2026-04-15T09:00:00Z,74081.05008668362,73766.45744208967,76076.019,73477.243,73967.39892453197,74926.49344049604,73999.26315803753
2026-04-15T10:00:00Z,74032.98340075393,73770.46938322886,76076.019,73477.243,73821.69030953269,74778.3456827796,73847.17759326713
2026-04-15T11:00:00Z,74070.49375614195,73788.0738981991,76076.019,73477.243,74160.87128661608,75120.08712778817,74208.54860287743
2026-04-15T12:00:00Z,74115.66625477708,73807.89822888485,76076.019,73477.243,74236.30614963276,75193.44171316993,74288.09500490224
2026-04-15T13:00:00Z,74104.16708704885,73818.34809709364,76076.019,73477.243,74031.07202801069,74981.39487287043,74076.42916947993
2026-04-15T14:00:00Z,74114.754401038,73831.95878700819,75725.844,73477.243,74124.34984334631,75070.70381821113,74153.35951283001
2026-04-15T15:00:00Z,74054.60453414066,73832.4535303956,75725.844,73477.243,73822.89593692216,74759.41687353636,73837.81555100452
2026-04-15T16:00:00Z,74029.3790821094,73836.8876720121,74986.25439,73477.243,73926.6361929093,74857.81306535014,73943.95507114643
2026-04-15T17:00:00Z,74052.83928608509,73849.05348131774,74852.397495,73477.243,74127.63571825075,75054.1869754868,74132.44655520168
2026-04-15T18:00:00Z,74127.82833362173,73871.14476779455,74824.11336,73477.243,74390.35607022689,75312.72959306596,74394.66411232206
2026-04-15T19:00:00Z,74322.22203726135,73917.32661400702,75318.6405,73477.243,75010.13126758853,75932.5940776944,75037.09977451432
2026-04-15T20:00:00Z,74437.65714009217,73955.05532363938,75318.6405,73477.243,74856.4354767379,75769.56594318898,74867.32994077668
2026-04-15T21:00:00Z,74505.5333311828,73987.22041247043,75318.6405,73477.243,74764.65848409923,75669.57673925904,74776.2076161124
2026-04-15T22:00:00Z,74607.41481314218,74027.08896706346,75462.7125,73477.243,74991.86557807254,75892.9532360062,75001.40996124427
2026-04-15T23:00:00Z,74652.43152133281,74059.04411126496,75462.7125,73477.243,74843.25821446966,75736.7003209201,74835.10222180486
2026-04-16T00:00:00Z,74688.58007214774,74089.90353529494,75462.7125,73477.243,74852.9087018927,75741.4667078495,74831.01337987433
2026-04-16T01:00:00Z,74681.7089450038,74113.07726854821,75462.7125,73477.243,74698.87219469051,75581.59991732352,74644.84067829106
2026-04-16T02:00:00Z,74727.38251278074,74144.67574738296,75462.7125,73477.243,74930.92704631135,75813.4719833957,74888.94940808139
2026-04-16T03:00:00Z,74763.12195438502,74175.02408422448,75462.7125,73477.243,74933.03502421899,75813.83587989106,74893.65791230966
2026-04-16T04:00:00Z,74803.35040896613,74206.41697874593,75462.7125,73477.243,74988.90358137536,75869.78128674804,74943.4058329762
2026-04-16T05:00:00Z,74856.712540307,74240.58281634813,75462.7125,73477.243,75086.94590799934,75969.58535278405,75052.24542134722
2026-04-16T06:00:00Z,74898.55642023878,74273.41657894617,75462.7125,73477.243,75085.92515893414,75970.31751846582,75053.64114525604
2026-04-16T07:00:00Z,74855.99499351905,74291.11508592796,75462.7125,73544.059575,74744.09194897812,75627.29554912973,74708.88243052644
2026-04-16T08:00:00Z,74816.42055051483,74306.9026334411,75462.7125,73544.059575,74710.2632749409,75596.88309851986,74670.09478512817
2026-04-16T09:00:00Z,74766.99820595598,74318.62170962719,75462.7125,73544.059575,74620.75235980353,75510.97105161852,74583.06640719579
2026-04-16T10:00:00Z,74666.10971574354,74318.39225209139,75462.7125,73544.059575,74333.33006112445,75225.45627490422,74289.87192674559
2026-04-16T11:00:00Z,74645.81644557831,74328.85746629174,75462.7125,73544.059575,74588.30248878621,75489.36476778357,74557.46446439483
2026-04-16T12:00:00Z,74640.9683465609,74340.90410032065,75462.7125,73544.059575,74630.25294224365,75538.03242363935,74608.4028320882
2026-04-16T13:00:00Z,74451.42649176958,74318.33781051164,75462.7125,73273.19507500001,73786.8545055902,74690.64419651593,73755.02543169726
2026-04-16T14:00:00Z,74345.18282693191,74304.25585906219,75462.7125,73273.19507500001,73964.80734529848,74876.98608581653,73947.63235068135
2026-04-16T15:00:00Z,74423.40664316926,74320.29398726374,75462.7125,73273.19507500001,74681.40637721901,75608.41163271392,74701.06268274461
2026-04-16T16:00:00Z,74368.33183357609,74314.38688574277,75462.7125,73273.19507500001,74153.2035132743,75079.12339654872,74170.42956790306
2026-04-16T17:00:00Z,74362.7580927814,74315.56497203898,75462.7125,73273.19507500001,74314.74599440988,75247.50425869676,74334.6115497862
2026-04-16T18:00:00Z,74510.30296105219,74344.59129971085,75462.7125,73273.19507500001,74992.5982406708,75937.89270161612,75041.80166835715
2026-04-16T19:00:00Z,74695.34452526282,74385.34226706959,75462.7125,73273.19507500001,75304.31554006756,76256.59611037558,75397.57111632645
2026-04-16T20:00:00Z,74812.70574187109,74419.55156229122,75572.52737999998,73273.19507500001,75181.5151065828,76134.18764013902,75268.49483713126
2026-04-16T21:00:00Z,74839.71335478863,74440.55925362627,75572.52737999998,73273.19507500001,74890.27573312032,75840.00233167969,74943.13892208025
2026-04-16T22:00:00Z,74845.98149816894,74458.00254939662,75572.52737999998,73273.19507500001,74823.04320385269,75771.41196869165,74893.65995748823
2026-04-16T23:00:00Z,74914.49449857583,74486.42244533962,75572.52737999998,73273.19507500001,75109.53492308596,76059.75074719242,75184.29548252674
2026-04-17T00:00:00Z,74921.26905444787,74505.1390802237,75572.52737999998,73273.19507500001,74901.87899226153,75846.42703982466,74941.91922036701
2026-04-17T01:00:00Z,74883.20926457056,74515.13340347988,75572.52737999998,73273.19507500001,74709.72794352108,75647.60849021561,74728.21826987165
2026-04-17T02:00:00Z,74842.49609466598,74522.67897884804,75572.52737999998,73273.19507500001,74663.58521653367,75595.51425495357,74680.70079078493
2026-04-17T03:00:00Z,74792.12362918466,74526.48065318077,75572.52737999998,73273.19507500001,74584.28031656823,75508.83515967417,74603.97451730445
2026-04-17T04:00:00Z,74791.96060047696,74537.29327958156,75572.52737999998,73273.19507500001,74765.49767541843,75685.01892228895,74788.52368251694
2026-04-17T05:00:00Z,74757.6960225932,74541.39437021088,75572.52737999998,73273.19507500001,74618.35677105152,75528.08863958722,74618.7207127922
2026-04-17T06:00:00Z,74797.87912868359,74557.60357959002,75572.52737999998,73273.19507500001,74926.02052961338,75830.95880187754,74938.27777125606
2026-04-17T07:00:00Z,74859.41043342058,74578.71241307614,75572.52737999998,73273.19507500001,75069.59953390344,75967.37847184305,75086.9539114245
2026-04-17T08:00:00Z,75064.0703371049,74627.76006968528,75919.89097499999,73273.19507500001,75782.72640404954,76679.9322203552,75819.77808154389
2026-04-17T09:00:00Z,75223.16359552604,74674.78986275934,76408.43512499999,73273.19507500001,75789.83679235166,76678.11645658959,75822.20787000378
2026-04-17T10:00:00Z,75235.52057429803,74699.44211325896,76408.43512499999,73273.19507500001,75295.7313713332,76169.57227342919,75297.00481410846
2026-04-17T11:00:00Z,75314.2271133429,74735.77916986065,76408.43512499999,73273.19507500001,75613.4687891839,76482.82354810128,75624.6753556114
2026-04-17T12:00:00Z,75518.40997704449,74796.89226496837,76408.43512499999,73273.19507500001,76263.15146678904,77132.44052913664,76279.57631654896
2026-04-17T13:00:00Z,75923.23442659016,74900.69747864312,77456.318805,73390.22653,77376.03167890714,78251.2568613147,77414.10498244593
2026-04-17T14:00:00Z,76359.57566512568,75022.57798971892,78091.516245,73875.273885,77927.34428399822,78803.06547568574,77956.99898025536
2026-04-17T15:00:00Z,76676.34107287553,75135.33072483243,78091.516245,73875.273885,77828.82130760765,78698.8844921201,77852.61561051516
2026-04-17T16:00:00Z,76938.74083445875,75246.4249809617,78372.16649999999,73875.273885,77903.04997460189,78770.66563085203,77938.22816479042
2026-04-17T17:00:00Z,77068.04064902346,75339.24804296327,78372.16649999999,74202.88,77567.09380962304,78429.03739217207,77586.16678857907
2026-04-17T18:00:00Z,77088.45161590714,75413.55995957702,78372.16649999999,74492.1353,77205.68324277975,78063.04053714269,77194.02431670141
2026-04-17T19:00:00Z,77156.25792348332,75494.37710408407,78372.16649999999,74492.1353,77437.7433146346,78298.44981299137,77395.58593607704
2026-04-17T20:00:00Z,77196.56505159814,75569.61232432553,78372.16649999999,74492.1353,77378.78101512208,78240.90003826682,77317.40195612606
2026-04-17T21:00:00Z,77251.93504013188,75646.1885559857,78372.16649999999,74492.1353,77482.79220100111,78349.3574498065,77433.11209792602
2026-04-17T22:00:00Z,77262.89392010256,75713.7420843128,78372.16649999999,74492.1353,77333.08925277696,78202.36249549886,77280.77000635899
2026-04-17T23:00:00Z,77220.47304896866,75769.18118291229,78372.16649999999,74492.1353,77097.72654478539,77969.67941918998,77055.39092810088
2026-04-18T00:00:00Z,77208.81237142006,75826.2758285077,78372.16649999999,74492.1353,77187.01894827686,78066.10396883769,77168.30415626547
2026-04-18T01:00:00Z,77210.8696222156,75883.08375387473,78372.16649999999,74492.1353,77229.82985011605,78116.13246950867,77211.5103270843
2026-04-18T02:00:00Z,77229.01415061213,75940.61176392066,78372.16649999999,74517.84244,77296.68651787285,78190.89494798258,77290.82910704114
2026-04-18T03:00:00Z,77179.33767269833,75984.07536539329,78372.16649999999,74517.84244,77001.92957588102,77900.02976806063,76989.1637397317
2026-04-18T04:00:00Z,77161.8715232098,76029.65351374459,78372.16649999999,74517.84244,77089.59245069635,77996.00096909405,77093.2508733249
2026-04-18T05:00:00Z,77155.82451805208,76074.75581930604,78372.16649999999,74567.31769,77116.21053052723,78029.98400764405,77137.01133658158
2026-04-18T06:00:00Z,77151.42129181829,76118.07231647722,78372.16649999999,74892.535,77110.77437304425,78031.0945609701,77134.8109152345
2026-04-18T07:00:00Z,77117.28322696978,76153.9795688659,78372.16649999999,74955.74338000001,76966.5340289308,77891.10233195715,76989.57737220636
2026-04-18T08:00:00Z,77033.13806542094,76177.84285176934,78372.16649999999,75058.382035,76702.27773182775,77628.82409118346,76718.22580487936
2026-04-18T09:00:00Z,76936.86071754961,76195.06926598283,78372.16649999999,75058.382035,76559.42693316695,77488.44992427755,76584.84768798163
2026-04-18T10:00:00Z,76770.79389142747,76194.84439798353,78372.16649999999,75209.026675,76146.27490413499,77073.41165712825,76156.74390667719
2026-04-18T11:00:00Z,76608.18413777693,76188.48544296379,78372.16649999999,75494.20401500001,75994.01484737742,76921.28299390624,76000.16884223423
2026-04-18T12:00:00Z,76519.02544049316,76189.23991467957,78372.16649999999,75725.87812,76161.24661543951,77091.35464185153,76173.55441812058
2026-04-18T13:00:00Z,76430.99089816136,76186.5309385702,78372.16649999999,75725.87812,76077.87470357004,77006.55696107795,76091.27822018063
2026-04-18T14:00:00Z,76390.76847634773,76189.12110434285,78372.16649999999,75725.87812,76206.84738627556,77135.50600304962,76231.9349359569
2026-04-18T15:00:00Z,76341.117703826,76188.23207967578,78372.16649999999,75725.87812,76127.3642206212,77052.32273812723,76151.31727133294
2026-04-18T16:00:00Z,76252.72488075357,76178.23689275024,77956.728885,75653.184485,75907.70728730863,76826.22787165822,75934.1669314555
2026-04-18T17:00:00Z,76158.45490725277,76163.9623256992,77650.48584,75653.184485,75798.11661026116,76710.6206894478,75820.64916187483
2026-04-18T18:00:00Z,76045.86048341882,76143.05692465026,77650.48584,75407.43742,75627.48110795284,76532.47076115273,75631.33759340263
2026-04-18T19:00:00Z,75957.85815377018,76122.92602976658,77650.48584,75407.43742,75632.24862646913,76531.22205398907,75632.36242298534
2026-04-18T20:00:00Z,75912.72967515458,76107.89966120466,77548.75499999999,75407.43742,75744.34887295858,76638.14543970674,75736.49066445533
2026-04-18T21:00:00Z,75892.42085845357,76096.20334850243,77548.75499999999,75407.43742,75818.39002718529,76706.31741637489,75808.47918254671
2026-04-18T22:00:00Z,75874.889556575,76084.66566080844,77458.79003999999,75407.43742,75818.15162453451,76699.31418042832,75808.67302842427
2026-04-18T23:00:00Z,75834.19409955833,76068.62869506117,77458.79003999999,75407.43742,75703.80545818787,76577.0777695414,75686.64458865265
2026-04-19T00:00:00Z,75802.81985521203,76053.29731975254,77458.79003999999,75407.43742,75712.15320887412,76579.35616903083,75694.55687191508
2026-04-19T01:00:00Z,75762.6265540538,76035.69130670141,77458.79003999999,75407.43742,75647.63609804728,76508.53176344735,75620.90416549708
2026-04-19T02:00:00Z,75703.3762087085,76013.66309010136,77335.59847499999,75370.13608,75527.48258368432,76382.22315949453,75486.35234280834
2026-04-19T03:00:00Z,75661.68594010662,75993.34092315844,77317.21929,75319.3215,75552.2289012582,76403.39286788006,75504.39576722885
2026-04-19T04:00:00Z,75662.33795341625,75979.92374262137,77317.21929,75319.3215,75705.1162350042,76555.2089055034,75659.05131814907
2026-04-19T05:00:00Z,75636.39618599042,75962.19624292254,77255.6085,75319.3215,75588.87123765372,76436.04592391165,75540.13382930771
2026-04-19T06:00:00Z,75583.88370021478,75939.2531309665,77174.57800499999,75243.27954,75444.9142380588,76290.11647081902,75389.18201923303
2026-04-19T07:00:00Z,75510.20732238927,75911.21586031481,77086.52399999999,74830.28614000001,75297.46973848622,76141.95239382077,75238.61560471816
2026-04-19T08:00:00Z,75454.07236185833,75884.53766193462,76776.999315,74830.28614000001,75301.87546398831,76148.63817508874,75248.70669799422
2026-04-19T09:00:00Z,75356.50072588981,75849.04632879443,76638.19995,74830.28614000001,75057.05499860011,75904.55506163534,74996.51469500958
2026-04-19T10:00:00Z,75326.71167569207,75823.47096843547,76401.931875,74830.28614000001,75261.3690984883,76115.8847835145,75206.08181152237
2026-04-19T11:00:00Z,75388.3557477605,75814.51745951975,76401.931875,74830.28614000001,75638.87380412902,76503.52795602047,75606.3055499801
2026-04-19T12:00:00Z,75429.07669270261,75804.60246117199,76401.931875,74830.28614000001,75601.03495341186,76472.10025254812,75578.03931510811
2026-04-19T13:00:00Z,75538.55964987981,75809.38399336905,76401.931875,74830.28614000001,75945.16328630452,76827.91441263283,75946.66676034417
2026-04-19T14:00:00Z,75646.43750546208,75818.14423853766,76401.931875,74830.28614000001,76040.63873899462,76932.90102545603,76052.43161336593
2026-04-19T15:00:00Z,75690.9247264705,75819.30692267897,76278.78033,74830.28614000001,75855.95999510097,76754.91143682855,75877.37854954624
2026-04-19T16:00:00Z,75622.46589836595,75801.49276256963,76278.78033,74830.28614000001,75384.6604059413,76287.09415221722,75388.88249809126
2026-04-19T17:00:00Z,75437.75347650686,75760.25877226065,76278.78033,74600.99084500001,74785.58287626608,75689.89332072549,74761.8116251287
2026-04-19T18:00:00Z,75289.38825950533,75719.84453665817,76278.78033,74570.69600000001,74757.13048072103,75669.98147376653,74741.05068092456
2026-04-19T19:00:00Z,75217.4064240597,75689.05373924355,76278.78033,74570.69600000001,74945.49413103443,75869.18224860255,74931.18688638211
2026-04-19T20:00:00Z,75086.87166315755,75645.8270560091,76278.78033,74390.316235,74603.73336771155,75531.14079071357,74581.99929050027
2026-04-19T21:00:00Z,74939.8224046781,75596.0035027026,76278.78033,74331.41570000001,74393.31876701889,75325.27196778248,74376.36241772736
2026-04-19T22:00:00Z,74741.49298141629,75532.79274749024,76278.78033,73726.01855,74010.93994689459,74944.3224641451,74001.1282869328
2026-04-19T23:00:00Z,74532.67009665712,75462.13957412328,76278.78033,73726.01855,73761.8013620959,74697.2021109889,73766.45491963091
2026-04-20T00:00:00Z,74476.52340851109,75413.88938742437,76278.78033,73687.447845,74237.14432460371,75182.61281072137,74261.91341179612
2026-04-20T01:00:00Z,74502.88042884195,75380.47063691725,76278.78033,73687.447845,74550.64644799304,75502.92823527825,74581.38069307718
2026-04-20T02:00:00Z,74482.24255576596,75340.85999867572,76278.78033,73687.447845,74365.43411564897,75316.88672781207,74401.7995503286
2026-04-20T03:00:00Z,74515.96643226242,75312.00857015833,76278.78033,73687.447845,74590.32567103626,75544.90698068288,74641.84099332453
2026-04-20T04:00:00Z,74527.44944731522,75281.62617953963,76278.78033,73687.447845,74526.24861491514,75478.99805658202,74587.0887079561
2026-04-20T05:00:00Z,74468.93845902295,75240.09653955842,76278.78033,73687.447845,74226.30448847184,75173.0135104539,74281.45584750926
2026-04-20T06:00:00Z,74539.52769035118,75221.58606855603,76278.78033,73687.447845,74752.93563141832,75703.02595023088,74805.53310681891
2026-04-20T07:00:00Z,74605.67042582869,75205.89561677823,76278.78033,73687.447845,74808.88657905492,75755.35772755806,74846.25603036453
2026-04-20T08:00:00Z,74633.05699786676,75186.4268160934,76278.78033,73687.447845,74706.83610011953,75646.84953130726,74740.87425520101
2026-04-20T09:00:00Z,74728.5487761186,75181.37959910999,76278.78033,73687.447845,75047.40812633336,75985.84221075107,75078.83096446216
2026-04-20T10:00:00Z,74794.92904809225,75175.08900322794,76278.78033,73687.447845,75019.13834602124,75950.8709638446,75044.46601566621
2026-04-20T11:00:00Z,74883.32481518286,75175.80822758598,76278.78033,73687.447845,75192.04491479548,76119.2769660868,75226.86124974994
2026-04-20T12:00:00Z,74973.67485625333,75180.46503462328,76278.78033,73687.447845,75296.73665056704,76218.52433914614,75308.72386151107
2026-04-20T13:00:00Z,75039.38711041925,75184.09421688355,76193.37765,73687.447845,75283.52592175113,76198.54792095839,75285.56914089888
2026-04-20T14:00:00Z,75038.36553032609,75178.00016721482,76193.37765,73687.447845,75055.78936994133,75961.79157824274,75046.2674173767
2026-04-20T15:00:00Z,75189.12207914251,75199.99077263461,75891.18663,73687.447845,75744.33320092827,76652.86610707393,75741.12472561577
2026-04-20T16:00:00Z,75222.37050599973,75205.65400640463,75810.60635999999,73687.447845,75371.74667915016,76270.75990319737,75350.42705748451
2026-04-20T17:00:00Z,75372.54150466646,75233.91874083709,76029.46573499999,73687.447845,75936.09276718854,76837.61174641756,75924.36272565358
2026-04-20T18:00:00Z,75606.13005918502,75282.48083304783,76491.416595,73687.447845,76465.58004009476,77370.12997277346,76464.91776730094
2026-04-20T19:00:00Z,75759.64782381056,75323.88814598465,76524.91333499999,73687.447845,76341.2899587324,77242.21945041238,76334.57114392951
2026-04-20T20:00:00Z,75874.43052963044,75362.7567930873,76596.89931,73687.447845,76321.76837341856,77221.4864853957,76320.96619787085
2026-04-20T21:00:00Z,75892.27041193479,75386.9181484715,76596.89931,73687.447845,76000.13293366304,76896.28112885052,75963.64242013387
2026-04-20T22:00:00Z,75910.48587594929,75410.89046894205,76596.89931,73687.447845,76018.43219464875,76916.21660971906,75997.92225277232
2026-04-20T23:00:00Z,75895.03790351612,75428.44473551583,76596.89931,73687.447845,75882.62186227314,76781.38176932967,75838.82799305432
2026-04-21T00:00:00Z,75938.90725829032,75455.54699120906,76596.89931,74058.13240999999,76130.6108479112,77035.99184705415,76080.13051514384
2026-04-21T01:00:00Z,75936.39231200359,75474.81405279237,76596.89931,74058.13240999999,75960.99162440869,76869.02344652242,75913.87259629143
2026-04-21T02:00:00Z,75857.48957600279,75479.16164247431,76596.89931,74058.13240999999,75609.00262576873,76518.33088713273,75555.94815985323
2026-04-21T03:00:00Z,75824.7807813355,75488.59586114883,76596.89931,74058.13240999999,75731.66544080628,76648.68509998248,75701.18377459845
2026-04-21T04:00:00Z,75822.34282992761,75501.86990763256,76596.89931,74058.13240999999,75828.24863740837,76753.18835156008,75807.81214960145
2026-04-21T05:00:00Z,75817.8222010548,75514.12011548429,76596.89931,74212.875,75809.08137450354,76740.86836448991,75800.53945624865
2026-04-21T06:00:00Z,75852.55282304263,75532.89521281145,76596.89931,74582.10029500001,75973.63904397088,76914.67234296852,75969.68138297487
2026-04-21T07:00:00Z,75904.06108458871,75555.40316330893,76596.89931,74582.10029500001,76076.30204159967,77025.75634572536,76090.22503567208
2026-04-21T08:00:00Z,76038.09417690233,75594.25242194938,76966.033785,74664.649,76491.74299368424,77453.27377671454,76541.29675941374
2026-04-21T09:00:00Z,76110.24435981293,75625.6204863596,76966.033785,74664.649,76340.38959795497,77306.39410796494,76387.07359951733
2026-04-21T10:00:00Z,76251.61450207673,75671.36699712044,76966.033785,74664.649,76717.56304155673,77694.04943583217,76780.73730260896
2026-04-21T11:00:00Z,76296.35350161523,75703.26793601348,76966.033785,74664.649,76418.66992173472,77396.16674245968,76477.18847734877
2026-04-21T12:00:00Z,76232.59939014517,75715.76557127823,76966.033785,74664.649,75970.83161805078,76946.36683740212,76010.7861819858
2026-04-21T13:00:00Z,76158.6839701129,75723.28452755258,76966.033785,74664.649,75857.92571340493,76834.62817077254,75893.09167592271
2026-04-21T14:00:00Z,76051.20975453226,75721.31577132594,76966.033785,74664.649,75630.81113529686,76605.9624026799,75644.92235156847
2026-04-21T15:00:00Z,76003.08536463621,75725.94165821059,76966.033785,75252.27504000001,75789.23235948654,76766.50060492309,75815.17613068258
2026-04-21T16:00:00Z,75953.77306138372,75728.19628440608,76966.033785,75252.27504000001,75735.96746891404,76711.29464687676,75746.57212059396
2026-04-21T17:00:00Z,75863.07238107623,75720.74419116501,76966.033785,75015.11368000001,75501.96966093346,76471.7162085181,75512.95225453585
2026-04-21T18:00:00Z,75806.88074083706,75716.23259152562,76966.033785,75015.11368000001,75569.15594812861,76535.92088689267,75595.40178605453
2026-04-21T19:00:00Z,75632.7805762066,75687.95493472865,76966.033785,74784.159215,74986.43664423646,75940.74323730358,74991.81267071427
2026-04-21T20:00:00Z,75647.38711482735,75688.38575371931,76966.033785,74784.159215,75665.99397511652,76622.80999677633,75699.39000511156
2026-04-21T21:00:00Z,75625.74331153238,75682.73694744505,76966.033785,74784.159215,75523.23790634407,76471.1718448961,75539.38642784632
2026-04-21T22:00:00Z,75631.1425756363,75681.40237816157,76966.033785,74784.159215,75629.70253941922,76571.09885116221,75645.13382073255
2026-04-21T23:00:00Z,75787.81089216156,75708.12677088966,76966.033785,74784.159215,76322.7053826126,77264.17389475259,76365.43993317071
2026-04-22T00:00:00Z,75917.286249459,75735.16037207784,76966.033785,74784.159215,76364.45258123172,77297.47175233034,76398.65410314218
2026-04-22T01:00:00Z,76001.88708291255,75758.1330099522,76966.033785,74784.159215,76299.61049160881,77222.68800378834,76343.87178015402
2026-04-22T02:00:00Z,76358.06995337643,75833.5034993419,77684.172675,74784.159215,77614.05515729389,78543.75275531496,77669.63408537605
2026-04-22T03:00:00Z,76616.60551929277,75902.40049936876,77771.976555,74784.159215,77538.24508258735,78458.00568547696,77588.14105246803
2026-04-22T04:00:00Z,76818.02651500549,75968.54741776186,77771.976555,74784.159215,77546.7308759942,78458.01839270593,77587.00302272785
2026-04-22T05:00:00Z,77079.56062278204,76051.25691091444,78491.40608999999,74784.159215,78025.15153798791,78934.09355361442,78052.89306669583
2026-04-22T06:00:00Z,77286.48492883047,76131.23499618324,78491.40608999999,74784.159215,78046.45742343519,78948.51844334973,78068.1365316051
2026-04-22T07:00:00Z,77447.88605575703,76208.03315960433,78491.40608999999,74784.159215,78053.04784836464,78949.0538695999,78072.39581997668
2026-04-22T08:00:00Z,77573.00471003324,76281.62037757965,78491.40608999999,74784.159215,78054.5805910549,78945.60173036705,78026.1457993763
2026-04-22T09:00:00Z,77668.32588558142,76351.83791318863,78491.40608999999,74784.159215,78047.79903683547,78934.96836187034,78019.93558939468
2026-04-22T10:00:00Z,77777.0112443411,76425.53473305849,78491.40608999999,74784.159215,78204.27508150032,79090.73642266275,78181.06593253245
2026-04-22T11:00:00Z,77893.23096782085,76502.04351946426,78491.40608999999,74784.159215,78346.57576849313,79233.48630295745,78311.44840555941
2026-04-22T12:00:00Z,77969.41297497178,76572.81929418001,78547.43409,74784.159215,78280.92349626942,79167.24754898518,78244.50958308633
2026-04-22T13:00:00Z,78163.08564720028,76665.3956495196,78889.425,74784.159215,78883.23012238908,79777.81828068357,78871.60864431523
2026-04-22T14:00:00Z,78359.23328115577,76762.55296994737,79214.26733999999,74784.159215,79084.03699843469,79983.56229211336,79083.69012360628
2026-04-22T15:00:00Z,78562.27032978782,76865.01611403115,79439.7,74784.159215,79306.10810175817,80211.93006662077,79318.82475595019
2026-04-22T16:00:00Z,78602.56358983497,76941.69259917273,79512.55641,74784.159215,78770.50792681276,79674.91319779602,78765.48068128241
2026-04-22T17:00:00Z,78668.66056987164,77021.62351349222,79512.55641,74784.159215,78920.14342541512,79831.76740239834,78922.39907101952
2026-04-22T18:00:00Z,78747.26710990017,77103.28745171701,79512.55641,74784.159215,79035.16699986423,79954.23251351733,79051.562732419
2026-04-22T19:00:00Z,78769.34552992236,77174.44388225916,79512.55641,74930.09621,78851.63405423827,79775.06357348317,78846.83301511499
2026-04-22T20:00:00Z,78695.41985660628,77225.9637237996,79512.55641,75264.358995,78433.83543816149,79359.02111070185,78414.2920989666
2026-04-22T21:00:00Z,78710.36877736045,77288.68724527716,79512.55641,75264.358995,78752.04767396214,79687.63152201344,78743.84263785066
2026-04-22T22:00:00Z,78687.60904905813,77342.5347046536,79512.55641,75584.189,78589.85229463242,79529.89403092494,78602.87539831508
2026-04-22T23:00:00Z,78574.41370482299,77376.64471670856,79512.55641,76094.883525,78153.29462001007,79094.0133208523,78151.86921086567
2026-04-23T00:00:00Z,78541.05288152899,77419.40574867964,79512.55641,76094.883525,78393.01092000931,79341.88741408997,78402.29290829302
2026-04-23T01:00:00Z,78500.64779674477,77457.76592220292,79512.55641,76185.78805,78322.58298338426,79275.05748023781,78341.20908438668
2026-04-23T02:00:00Z,78376.04161969037,77477.44568048035,79512.55641,77325.56787500001,77899.11424779883,78849.90433471173,77921.56262299839
2026-04-23T03:00:00Z,78236.1345930925,77488.42585678727,79512.55641,77325.56787500001,77702.53957035416,78653.30856777172,77710.0955900038
2026-04-23T04:00:00Z,78165.90246129417,77506.0448014082,79512.55641,77411.27500000001,77874.06824594432,78828.15023224616,77894.92119491145
2026-04-23T05:00:00Z,78136.56191433991,77527.58868706501,79512.55641,77414.703285,77987.05216958054,78942.50895617288,78028.47033148208
2026-04-23T06:00:00Z,78153.1992667088,77555.50057738888,79512.55641,77414.703285,78165.07554599615,79121.4571170499,78203.48161077699
2026-04-23T07:00:00Z,78129.9594296624,77575.62790076077,79512.55641,77414.703285,78004.21273250194,78956.14589518955,78037.056125605
2026-04-23T08:00:00Z,78069.60177862631,77587.16757828073,79512.55641,77414.703285,77817.12485289609,78763.13057367197,77855.2950234316
2026-04-23T09:00:00Z,77977.54360559824,77589.950126106,79512.55641,77402.12957500001,77618.42770787385,78557.30348566617,77651.92798113792
2026-04-23T10:00:00Z,77850.00724879863,77582.34522299963,79512.55641,77135.422995,77372.04874099935,78302.28792440117,77384.56528616283
2026-04-23T11:00:00Z,77817.69897128783,77587.33603022413,79512.55641,77135.422995,77679.02621807219,78606.46472142256,77692.37061839082
2026-04-23T12:00:00Z,77829.43919989053,77598.894967766,79512.55641,77135.422995,77851.7157100353,78774.06859677381,77857.85210951742
2026-04-23T13:00:00Z,77763.39271102597,77596.1739486735,79512.55641,77135.422995,77520.82103999285,78431.68950982587,77513.16703006087
2026-04-23T14:00:00Z,77856.14321968687,77620.03501199295,79512.55641,77135.422995,78176.96928756645,79087.67619030141,78192.86762919948
2026-04-23T15:00:00Z,77971.83583753424,77650.92174619732,79512.55641,77135.422995,78380.7783480941,79285.94074156496,78403.58400219923
2026-04-23T16:00:00Z,78001.1434291933,77669.40330757701,79203.24183,77135.422995,78115.4146908716,79009.81254374201,78129.7683933619
2026-04-23T17:00:00Z,77949.60266715035,77673.47705012489,79203.24183,76921.52,77788.18929510574,78671.57813878206,77771.63378944856
2026-04-23T18:00:00Z,77889.39096333916,77673.68819093611,79107.1338,76921.52,77704.40797368826,78580.20051908283,77671.48129608882
2026-04-23T19:00:00Z,77853.3618603749,77675.87479538769,78955.29792,76921.52,77759.1248365696,78629.6845172985,77734.58237204759
2026-04-23T20:00:00Z,77860.83033584715,77684.49092618818,78863.412,76921.52,77924.11866788227,78791.63512900098,77876.02608283618
2026-04-23T21:00:00Z,77861.71915010334,77691.85170471112,78863.412,76921.52,77906.15575346145,78769.69912611655,77845.92573928044
2026-04-23T22:00:00Z,77944.73711674704,77714.03326778414,78701.83125,76921.52,78279.87921336439,79145.01182443727,78240.23964226739
2026-04-23T23:00:00Z,78014.2355352477,77736.21476705825,78701.83125,76921.52,78303.8937581679,79168.06012565417,78275.75524874263
2026-04-24T00:00:00Z,78103.78763852599,77764.01089901505,78701.83125,76921.52,78464.26520876301,79330.34185663683,78444.6647591648
2026-04-24T01:00:00Z,78176.2192744091,77791.18310721852,78701.83125,76921.52,78476.01551278344,79343.75039081507,78455.8674410884
2026-04-24T02:00:00Z,78164.98165787375,77804.83481712796,78701.83125,76921.52,78169.71407054989,79036.94414883261,78134.61040485256
2026-04-24T03:00:00Z,78070.06351167959,77802.10074295948,78701.83125,76921.52,77778.44838318185,78645.49931299101,77733.09864752341
2026-04-24T04:00:00Z,77981.16050908412,77796.7088758999,78701.83125,76921.52,77706.19467770078,78577.79793403765,77649.18038939635
2026-04-24T05:00:00Z,77975.0092848432,77803.10769729174,78701.83125,76921.52,77984.41582314673,78865.59628492821,77942.1598504573
2026-04-24T06:00:00Z,77933.84055487804,77802.56248515737,78701.83125,76921.52,77814.38567159598,78701.01165438836,77766.71460713702
2026-04-24T07:00:00Z,77869.56487601626,77796.1150367836,78701.83125,76921.52,77662.28469463222,78555.27588745947,77616.04602523173
2026-04-24T08:00:00Z,77850.93045912376,77795.69034140467,78701.83125,76921.52,77796.01828071012,78699.21027406953,77773.06754499533
2026-04-24T09:00:00Z,77779.09924598515,77784.75155195958,78701.83125,76921.52,77530.29537704308,78439.37524298579,77519.84225141488
2026-04-24T10:00:00Z,77773.15719132178,77783.42944779796,78701.83125,76921.52,77747.2095799259,78667.9526150709,77755.4510509415
2026-04-24T11:00:00Z,77876.9578154725,77802.07559278578,78701.83125,76921.52,78227.40883009187,79162.91516898575,78251.02348191732
2026-04-24T12:00:00Z,77965.55830092306,77821.40556859043,78701.83125,76921.52,78255.48742777332,79200.09096618839,78293.84784026393
2026-04-24T13:00:00Z,77994.05423405126,77832.5233004847,78701.83125,76921.52,78066.92346189938,79017.46537390408,78110.61492398412
2026-04-24T14:00:00Z,78003.73995981764,77840.89541066899,78701.83125,76921.52,78004.80082134534,78962.07611943375,78047.09731445735
2026-04-24T15:00:00Z,78011.49107985817,77848.96580207025,78621.22096499999,76921.52,78000.69847713049,78964.52265426252,78057.73351117031
2026-04-24T16:00:00Z,77959.44417322302,77846.03985096533,78621.22096499999,76921.52,77735.46797771174,78701.5583022519,77778.21477950684
2026-04-24T17:00:00Z,77897.72546806236,77839.33251010961,78621.22096499999,77363.308995,77637.09413350631,78606.34971890801,77661.13192901583
2026-04-24T18:00:00Z,77835.61758627073,77830.3083260235,78621.22096499999,77324.94818500002,77572.04315170665,78543.63898706203,77594.14683747255
2026-04-24T19:00:00Z,77789.66923376612,77822.0855372062,78621.22096499999,77324.94818500002,77582.30963352999,78555.90548681367,77611.64541228207
2026-04-24T20:00:00Z,77773.81162626254,77817.8498009937,78621.22096499999,77324.94818500002,77672.66969272931,78647.97683488956,77706.42555533645
2026-04-24T21:00:00Z,77721.07126487087,77806.36531932048,78621.22096499999,77324.94818500002,77493.15982937872,78465.51854006422,77517.93063737839
2026-04-24T22:00:00Z,77633.9243171218,77786.8773471033,78621.22096499999,77225.44796,77289.11057251712,78257.00754965344,77312.30783990503
2026-04-24T23:00:00Z,77590.19224665029,77772.60194518072,78621.22096499999,77225.44796,77401.78893788459,78368.07429095963,77428.00596237926
2026-04-25T00:00:00Z,77560.56730295022,77759.71533517334,78621.22096499999,77225.44796,77427.02481495525,78389.6057624741,77450.8470103495
2026-04-25T01:00:00Z,77556.35901340573,77750.81389292137,78621.22096499999,77225.44796,77518.07134968742,78476.91392354167,77538.36378380329
2026-04-25T02:00:00Z,77567.79034376002,77744.97659116948,78518.60968499999,77225.44796,77591.20929863644,78545.40900226014,77603.66350990647
2026-04-25T03:00:00Z,77592.5191562578,77742.28652622379,78518.60968499999,77225.44796,77669.91874211344,78619.05260045467,77684.42318722252
2026-04-25T04:00:00Z,77598.41489931163,77737.25646392893,78518.60968499999,77225.44796,77617.60815007416,78559.79813221285,77629.93915540175
2026-04-25T05:00:00Z,77578.82936613126,77727.99211846245,78518.60968499999,77225.44796,77516.5716169156,78451.17630522714,77513.02520593214
2026-04-25T06:00:00Z,77562.11839587986,77718.83448097418,78518.60968499999,77225.44796,77517.47751214007,78445.88500346897,77505.38405000078
2026-04-25T07:00:00Z,77548.57875235101,77709.95103277115,78518.60968499999,77225.44796,77522.2095218502,78444.82419492624,77499.67437677574
2026-04-25T08:00:00Z,77569.64347405078,77707.2334395968,78518.60968499999,77225.44796,77671.03009318991,78590.11267675045,77644.70442795599
2026-04-25T09:00:00Z,77601.84492426172,77707.5320747153,78518.60968499999,77225.44796,77748.07625133132,78663.50162433623,77715.88104985666
2026-04-25T10:00:00Z,77643.16160775912,77710.80709207385,78518.60968499999,77225.44796,77826.2441358217,78738.91700093627,77794.10451871862
2026-04-25T11:00:00Z,77651.8590282571,77709.64353729531,78518.60968499999,77225.44796,77724.56679261144,78633.41274762107,77688.75844049538
2026-04-25T12:00:00Z,77630.81035531107,77703.41890311998,78518.60968499999,77225.44796,77602.00784622128,78507.92646350832,77559.1478110247
2026-04-25T13:00:00Z,77644.33916524195,77702.94017238037,78272.29658999998,77225.44796,77738.06386480675,78645.2838268157,77698.84230898098
2026-04-25T14:00:00Z,77647.09712852152,77701.05485922199,78272.29658999998,77225.44796,77703.24594074154,78611.01914243468,77657.25183336005
2026-04-25T15:00:00Z,77576.68887773895,77685.9203751721,78099.32014499999,77225.44796,77375.41964029655,78281.56094284248,77315.99298964963
2026-04-25T16:00:00Z,77536.81801601918,77674.13872720591,77924.292675,77101.659885,77440.07434771366,78350.3816138428,77382.77578081498
2026-04-25T17:00:00Z,77472.14067912604,77656.65428936077,77924.292675,77101.659885,77284.91688478288,78197.9396293039,77229.59836360671
2026-04-25T18:00:00Z,77436.7760837647,77642.62758367257,77924.292675,77101.659885,77347.51832639464,78266.85971874253,77303.89236357374
2026-04-25T19:00:00Z,77413.05028737253,77629.86768229818,77924.292675,77101.659885,77358.91543025959,78284.87589055664,77316.57076371115
2026-04-25T20:00:00Z,77427.73466795642,77623.71512383703,77924.292675,77101.659885,77501.65722483935,78436.56767861692,77472.49171820976
2026-04-25T21:00:00Z,77449.53585285498,77619.72022082328,77924.292675,77101.659885,77541.31829611343,78484.51654786895,77533.18301653759
2026-04-25T22:00:00Z,77473.41899666499,77617.16061997334,77924.292675,77101.659885,77565.00003920383,78516.6629858587,77563.00729201805
2026-04-25T23:00:00Z,77507.10366407277,77617.48059466829,77924.292675,77101.659885,77625.27436716428,78586.01330180325,77639.21961301763
2026-04-26T00:00:00Z,77506.05840538992,77612.78342753896,77924.292675,77101.659885,77494.95586278882,78462.34005822355,77509.51101091423
2026-04-26T01:00:00Z,77496.08098196995,77606.59471621084,77924.292675,77101.659885,77446.21205334143,78420.95887209813,77466.08351602856
2026-04-26T02:00:00Z,77499.76743042108,77602.76105432467,77924.292675,77101.659885,77490.61388615293,78473.40127652955,77513.92824534621
2026-04-26T03:00:00Z,77477.64355699418,77594.49366435224,77924.292675,77101.659885,77371.70832396364,78359.7648011857,77395.50908084762
2026-04-26T04:00:00Z,77543.56498877326,77601.83229029705,77924.292675,77101.659885,77739.93540442736,78738.62361427704,77782.44749272634
2026-04-26T05:00:00Z,77641.28610237919,77617.40280906044,78239.09999999999,77101.659885,77944.08719304408,78950.29908791941,77996.74904583157
2026-04-26T06:00:00Z,77720.78696851715,77632.97983726206,78239.09999999999,77101.659885,77956.11965733912,78966.2099863602,78017.62462657168
2026-04-26T07:00:00Z,77805.61875329111,77652.14515002687,78239.09999999999,77101.659885,78057.04924334088,79070.8910258576,78126.43999184447
2026-04-26T08:00:00Z,77856.05680811532,77667.67351125026,78249.105,77101.659885,77985.90804982756,78999.91399799855,78052.0358486375
2026-04-26T09:00:00Z,77888.04196186748,77681.23744956657,78249.105,77101.659885,77953.37933159067,78966.66279143457,78022.37668035732
2026-04-26T10:00:00Z,77913.46152589693,77694.34734958426,78249.105,77101.659885,77957.16144126952,78968.80927092422,78010.99499729997
2026-04-26T11:00:00Z,77955.23452014205,77710.96337613184,78249.105,77101.659885,78058.71539848007,79068.64578817162,78105.87446571879
2026-04-26T12:00:00Z,77928.08907122159,77715.94772812646,78249.105,77101.659885,77794.27466235778,78796.48897634528,77826.87559252474
2026-04-26T13:00:00Z,77939.13372206123,77726.63516779477,78249.105,77101.659885,77943.76942089717,78942.44219855445,77973.12220129144
2026-04-26T14:00:00Z,77973.91733938096,77741.69740584397,78249.105,77101.659885,78067.39650007848,79061.14915067192,78098.02671452028
2026-04-26T15:00:00Z,77990.60237507409,77754.24036887074,78249.105,77101.659885,78027.34123402966,79013.2206717645,78050.8388785519
2026-04-26T16:00:00Z,77974.78629172429,77760.98280279439,78249.105,77155.193105,77904.98334526013,78881.29052820489,77916.32154511656
2026-04-26T17:00:00Z,77984.51600467446,77771.49656594564,78249.105,77155.193105,78011.69112729226,78980.82680545893,78015.46640027913
2026-04-26T18:00:00Z,78051.05911474681,77792.41344080499,78386.06344499999,77155.193105,78284.86098268829,79248.59439932417,78300.84804343694
2026-04-26T19:00:00Z,78088.85931146974,77809.91330036396,78539.25,77272.39447500001,78229.83230544382,79184.06263319062,78230.29632554311
2026-04-26T20:00:00Z,78112.2727978098,77825.5992881042,78539.25,77287.846745,78210.41842992564,79155.77281444074,78197.91943703064
2026-04-26T21:00:00Z,78180.08106496317,77849.75482736526,79000.48049999999,77287.846745,78440.75506968591,79380.62807503628,78431.22651278504
2026-04-26T22:00:00Z,78209.73416163801,77868.68401808504,79000.48049999999,77287.846745,78343.27902172253,79274.32866119736,78328.29446741636
2026-04-26T23:00:00Z,78309.24879238513,77900.88262959177,79000.48049999999,77287.846745,78693.08459446878,79621.38835256899,78681.37596923893
2026-04-27T00:00:00Z,78531.32683852177,77958.34048144516,79432.09619999999,77287.846745,79349.12733886878,80279.16480463574,79346.19462304606
2026-04-27T01:00:00Z,78698.51198551693,78012.43515567188,79525.40283,77287.846745,79327.74893795916,80252.62160153378,79322.56102655373
2026-04-27T02:00:00Z,78794.40043317984,78058.05045544037,79525.40283,77287.846745,79176.36141872517,80095.75449886385,79164.49910184968
2026-04-27T03:00:00Z,78863.53144802876,78100.8030899122,79525.40283,77344.76827000002,79152.89008872867,80069.55594256453,79131.10977479581
2026-04-27T04:00:00Z,78877.01779291125,78134.41194338516,79525.40283,77680.910115,78971.26145459367,79884.66373999932,78947.01181748307
2026-04-27T05:00:00Z,78634.46717226431,78120.17227222657,79525.40283,77523.848685,77830.37147751747,78730.70137224831,77754.00547590492
2026-04-27T06:00:00Z,78426.83446731669,78103.02728152345,79525.40283,77426.317475,77742.13156709047,78642.79015640373,77645.61770074634
2026-04-27T07:00:00Z,78244.56014124631,78082.76494350207,79525.40283,77426.317475,77644.63077006572,78546.65838138775,77550.20221774736
2026-04-27T08:00:00Z,78146.73344319158,78071.40066009383,79525.40283,77426.317475,77837.47077306248,78745.2906918828,77758.13105952898
2026-04-27T09:00:00Z,78091.90601137123,78064.40512294714,79525.40283,77426.317475,77927.25916860148,78840.59465453884,77857.5289957054
2026-04-27T10:00:00Z,78038.15134217763,78055.65430160235,79525.40283,77426.317475,77870.56845105895,78788.45441838464,77811.74106551496
2026-04-27T11:00:00Z,77995.06437724928,78047.02596276143,79525.40283,77426.317475,77857.57449248056,78781.0880872767,77846.4634006941
2026-04-27T12:00:00Z,77922.24118230499,78031.52939285278,79525.40283,77426.317475,77673.05010054441,78600.50893071316,77666.1320634367
2026-04-27T13:00:00Z,77883.24091957055,78019.90533600164,79525.40283,77426.317475,77744.67616560601,78679.28799047424,77752.00116617247
2026-04-27T14:00:00Z,77868.13182633265,78011.55205698116,79525.40283,77426.317475,77805.47500515736,78747.06474359213,77815.6591806928
2026-04-27T15:00:00Z,77629.23364270317,77961.81891179825,79525.40283,76526.047835,76776.1026740635,77711.13495611897,76753.8089333653
2026-04-27T16:00:00Z,77404.64616654691,77906.99324192893,79525.40283,76507.727,76594.78693202276,77533.03125883862,76575.37183643172
2026-04-27T17:00:00Z,77257.66701842537,77859.4931096053,79525.40283,76507.727,76713.19345318376,77657.6613701083,76704.15140052016
2026-04-27T18:00:00Z,77163.53212544197,77817.63869696835,79525.40283,76507.727,76798.59948007288,77748.07041242027,76803.8671544771
2026-04-27T19:00:00Z,77100.09609756598,77779.28895423494,79525.40283,76421.41018,76838.19097192909,77791.12999049842,76846.67123644636
2026-04-27T20:00:00Z,77069.05918699576,77745.86613977638,79525.40283,76421.41018,76917.21171373641,77873.01633083708,76929.50010985082
2026-04-27T21:00:00Z,77006.33714544115,77706.72099121408,79525.40283,76421.41018,76741.5951435361,77695.91629636494,76786.57451958685
2026-04-27T22:00:00Z,77019.68889089867,77680.5862568788,79525.40283,76421.41018,77020.19643108475,77977.44119532385,77083.19257619875
2026-04-27T23:00:00Z,77097.82913736564,77667.96314435313,79525.40283,76421.41018,77325.35223485704,78284.57903809748,77394.73986223087
2026-04-28T00:00:00Z,77160.44932906216,77656.19403642035,79525.40283,76421.41018,77335.36009609526,78291.6483939683,77400.01004613921
2026-04-28T01:00:00Z,77143.61170038168,77632.86693289298,79356.15825,76421.41018,77043.51698418158,77991.9497102256,77092.43702876622
2026-04-28T02:00:00Z,77087.46021140798,77602.58379277491,79356.15825,76421.41018,76853.92917884822,77794.68438585186,76888.32654591581
2026-04-28T03:00:00Z,77026.95349776176,77570.44486245756,79199.58,76421.41018,76783.29477822331,77716.85761414967,76816.24423779905
2026-04-28T04:00:00Z,76996.09272048136,77542.59323541846,78977.469,76421.41018,76862.1329768893,77789.47607944947,76881.41516010904
2026-04-28T05:00:00Z,76971.62322704107,77515.79269519729,78304.47266999999,76421.41018,76866.72104542943,77786.26737601482,76868.0407375201
2026-04-28T06:00:00Z,76915.70695436528,77483.31136069943,78304.47266999999,76421.41018,76707.98812614773,77617.3178375847,76695.83976486106
2026-04-28T07:00:00Z,76907.61207561744,77458.65701944639,78304.47266999999,76386.68755,76874.79723502754,77777.49104704325,76871.60936705371
2026-04-28T08:00:00Z,76896.71828103578,77434.1644880404,78304.47266999999,76386.68755,76861.7846552954,77755.65066938598,76857.37780475184
2026-04-28T09:00:00Z,76830.33644080561,77400.03532526323,78304.47266999999,76386.68755,76608.74577631315,77491.17648563682,76589.8922739539
2026-04-28T10:00:00Z,76783.2283428488,77368.1298017831,78304.47266999999,76386.68755,76636.36471012718,77510.98586845132,76608.296372031
2026-04-28T11:00:00Z,76660.0664888824,77321.63470783277,78304.47266999999,76092.03495000002,76253.65560588289,77116.3924278185,76204.9386651478
2026-04-28T12:00:00Z,76596.0628246863,77282.87614832938,78304.47266999999,76092.03495000002,76402.81237260124,77260.46751837026,76359.1164284937
2026-04-28T13:00:00Z,76505.79108586712,77238.2624279894,78304.47266999999,75887.01751,76225.72451813005,77075.56920239418,76164.63868307976
2026-04-28T14:00:00Z,76382.27973345222,77185.67987990819,77866.083585,75628.76670000001,75989.94937855916,76832.43508765091,75917.26751414892
2026-04-28T15:00:00Z,76312.07979268505,77139.99417052418,77516.739,75628.76670000001,76109.4857463788,76949.75333049455,76046.77891921185
2026-04-28T16:00:00Z,76270.5153943106,77098.56746968646,77516.739,75628.76670000001,76170.07096523154,77008.74376744595,76106.81709153166
2026-04-28T17:00:00Z,76252.0230844638,77061.37287908701,77516.739,75628.76670000001,76233.0123309328,77071.44997525455,76185.73720285627
2026-04-28T18:00:00Z,76249.83573236073,77027.93643504263,77516.739,75628.76670000001,76287.30249671149,77126.76539590098,76237.3210834157
2026-04-28T19:00:00Z,76267.8655696139,76999.48882544905,77516.739,75628.76670000001,76374.26959767102,77216.4597456252,76336.26839140088
2026-04-28T20:00:00Z,76311.43988747748,76977.6300978797,77516.739,75628.76670000001,76504.24424147577,77350.93268462291,76483.17090120478
2026-04-28T21:00:00Z,76321.59769026026,76952.30437959888,77516.739,75628.76670000001,76393.19633727921,77242.9204949725,76368.06235682622
2026-04-28T22:00:00Z,76303.94709242464,76923.31930288055,77516.739,75628.76670000001,76272.97927888492,77126.7094943625,76246.5669648861
2026-04-28T23:00:00Z,76312.57440521917,76899.62341296706,77516.739,75628.76670000001,76367.57535267227,77228.65557155598,76348.6069592355
2026-04-29T00:00:00Z,76356.89120405936,76883.80204917249,77432.79705000001,75628.76670000001,76530.11339356726,77400.1043883097,76522.12764651763
2026-04-29T01:00:00Z,76404.47093649062,76871.03461859401,77265.64351499999,75628.76670000001,76581.87283973077,77460.11962492079,76580.01087423839
2026-04-29T02:00:00Z,76432.6529506038,76857.16749130446,77192.57699999999,75628.76670000001,76534.60527322878,77420.35303058763,76533.81706561445
2026-04-29T03:00:00Z,76557.57007269184,76862.78432839406,77192.57699999999,75628.76670000001,76990.42525294765,77889.70805376941,77018.54652401767
2026-04-29T04:00:00Z,76715.83450098254,76879.39558029633,77494.437855,75628.76670000001,77257.79325402455,78168.43935908271,77307.40016979589
2026-04-29T05:00:00Z,76843.06683409752,76896.0888219169,77494.437855,75628.76670000001,77269.14381424553,78187.90259737994,77323.17450986979
2026-04-29T06:00:00Z,76884.84309318697,76901.59784959375,77494.437855,75628.76670000001,77005.17682287902,77928.28196401586,77050.47103950912
2026-04-29T07:00:00Z,76922.35351692319,76907.80365165115,77494.437855,75628.76670000001,77021.75375789026,77951.88724288972,77071.70381251056
2026-04-29T08:00:00Z,76949.9016242736,76913.45738015519,77494.437855,75628.76670000001,77009.32547531291,77945.31008671556,77065.5822007925
2026-04-29T09:00:00Z,77103.7012633239,76943.19381361823,77838.9,75628.76670000001,77600.60180007742,78548.83956061566,77666.12072810109
2026-04-29T10:00:00Z,77218.34764925193,76970.80263755217,77943.88246499999,75628.76670000001,77575.25423158766,78527.14889619977,77632.73277866768
2026-04-29T11:00:00Z,77300.94372719593,76996.07722377453,77943.88246499999,75628.76670000001,77543.95154682,78498.24322786019,77601.35012278386
2026-04-29T12:00:00Z,77265.9962322635,77002.10182688577,77943.88246499999,75628.76670000001,77097.40669082449,78047.73971829528,77147.90754204376
2026-04-29T13:00:00Z,77158.75929176049,76993.17644619656,77943.88246499999,75628.76670000001,76738.1914066189,77684.38792633811,76773.35844861623
2026-04-29T14:00:00Z,77027.92389359149,76975.90393818854,77943.88246499999,75798.96156000001,76526.9537405337,77469.62147138179,76552.38843770596
2026-04-29T15:00:00Z,76782.66302834894,76932.97928765022,77943.88246499999,75667.46734000002,75884.79883131277,76817.49021228701,75866.98342029174
2026-04-29T16:00:00Z,76565.08013316029,76886.87972488899,77943.88246499999,75658.281935,75768.47007018185,76696.60836489846,75743.70408937588
2026-04-29T17:00:00Z,76480.39788134689,76858.19116468944,77943.88246499999,75658.281935,76154.08103040677,77082.85700884924,76135.51293846604
2026-04-29T18:00:00Z,76265.62279660313,76803.32254572252,77943.88246499999,74900.05124000002,75490.33663654776,76406.1737703212,75459.08987290597
2026-04-29T19:00:00Z,76109.6755084691,76752.73223773384,77943.88246499999,74900.05124000002,75547.0211634853,76458.07247055248,75521.07778058187
2026-04-29T20:00:00Z,76013.47872880929,76708.81622803042,77943.88246499999,74900.05124000002,75667.15356702023,76573.7308208194,75644.59299952409
2026-04-29T21:00:00Z,75995.80123351834,76677.18821872305,77943.88246499999,74900.05124000002,75931.78091821972,76835.34323279621,75934.29304505141
2026-04-29T22:00:00Z,75980.59651495871,76646.58380163231,77943.88246499999,74900.05124000002,75932.81010299965,76830.16455474177,75932.02900217011
2026-04-29T23:00:00Z,75936.01951163456,76611.21303421874,77943.88246499999,74900.05124000002,75792.83365563073,76682.49927056195,75765.01764594644
2026-04-30T00:00:00Z,75948.96184238243,76586.03127772002,77943.88246499999,74900.05124000002,76014.20832523388,76900.79941687966,76012.23642403616
