timestamp,p_ema_fast,p_ema_slow,p_high_band,p_low_band
2026-04-01T04:00:00Z,1.221,1.221,1.2256125,1.2173910000000001
2026-04-01T05:00:00Z,1.221888888888889,1.2211632653061226,1.2276135,1.215392
2026-04-01T06:00:00Z,1.2230246913580247,1.2214014993752604,1.2316155,1.215392
2026-04-01T07:00:00Z,1.223019204389575,1.221466744298719,1.2316155,1.215392
2026-04-01T08:00:00Z,1.2225704923030027,1.2214476935110161,1.232616,1.215392
2026-04-01T09:00:00Z,1.2217770495690021,1.2213477876534236,1.232616,1.215392
2026-04-01T10:00:00Z,1.2211599274425573,1.2212519595859368,1.232616,1.215392
2026-04-01T11:00:00Z,1.222235499121989,1.2214457571538577,1.232616,1.215392
2026-04-01T12:00:00Z,1.2230720548726581,1.2216316446169655,1.236618,1.215392
2026-04-01T13:00:00Z,1.2235004871231787,1.2217691285101506,1.236618,1.215392
2026-04-01T14:00:00Z,1.2242781566513612,1.22198263346892,1.236618,1.215392
2026-04-01T15:00:00Z,1.2262163440621698,1.22243232189876,1.236618,1.215392
2026-04-01T16:00:00Z,1.2275016009372433,1.22282283937228,1.236618,1.215392
2026-04-01T17:00:00Z,1.2278345785067448,1.2230749683774929,1.236618,1.215392
2026-04-01T18:00:00Z,1.227649116616357,1.2232351737498401,1.236618,1.215392
2026-04-01T19:00:00Z,1.2290604240349443,1.223674554413112,1.2376185,1.215392
2026-04-01T20:00:00Z,1.2310469964716233,1.2242592664778829,1.2406199999999998,1.215392
2026-04-01T21:00:00Z,1.232369886144596,1.2247792964175612,1.2416205,1.215392
2026-04-01T22:00:00Z,1.2322876892235746,1.2250740190127627,1.2416205,1.215392
2026-04-01T23:00:00Z,1.2333348693961135,1.2255607937469357,1.2416205,1.215392
2026-04-02T00:00:00Z,1.2350382317525326,1.2261909654307341,1.244622,1.215392
2026-04-02T01:00:00Z,1.2330297358075253,1.2261831709233573,1.244622,1.215392
2026-04-02T02:00:00Z,1.2290231278502974,1.225726714967302,1.244622,1.209395
2026-04-02T03:00:00Z,1.2261290994391203,1.2253297061931263,1.244622,1.2083955000000002
2026-04-02T04:00:00Z,1.2241004106748714,1.2249897181852436,1.244622,1.2083955000000002
2026-04-02T05:00:00Z,1.2214114305249,1.224459525606254,1.244622,1.2083955000000002
2026-04-02T06:00:00Z,1.2204311126304777,1.2241550551733458,1.244622,1.2083955000000002
2026-04-02T07:00:00Z,1.2198908653792604,1.2239038284315766,1.244622,1.2083955000000002
2026-04-02T08:00:00Z,1.2201373397394248,1.2237853048221243,1.244622,1.2083955000000002
2026-04-02T09:00:00Z,1.2194401531306638,1.2235083536048947,1.244622,1.2083955000000002
2026-04-02T10:00:00Z,1.2184534524349608,1.2231610738659193,1.244622,1.2083955000000002
2026-04-02T11:00:00Z,1.2176860185605252,1.2228279688101675,1.244622,1.2083955000000002
2026-04-02T12:00:00Z,1.2162002366581863,1.2223451945730177,1.244622,1.2083955000000002
2026-04-02T13:00:00Z,1.2152668507341449,1.2219229417333026,1.244622,1.205397
2026-04-02T14:00:00Z,1.2194297727932237,1.2224158828870453,1.244622,1.205397
2026-04-02T15:00:00Z,1.2226676010613962,1.2228887039936964,1.244622,1.205397
2026-04-02T16:00:00Z,1.2240748008255304,1.2231381446470149,1.244622,1.205397
2026-04-02T17:00:00Z,1.224058178419857,1.2231733224165244,1.244622,1.205397
2026-04-02T18:00:00Z,1.2247119165487776,1.223329513338299,1.244622,1.205397
2026-04-02T19:00:00Z,1.2245537128712716,1.2233568801408174,1.244622,1.205397
2026-04-02T20:00:00Z,1.224875110010989,1.2234647625840493,1.244622,1.205397
2026-04-02T21:00:00Z,1.2260139744529914,1.2237315069683738,1.244622,1.205397
2026-04-02T22:00:00Z,1.2273442023523267,1.2240689964798688,1.244622,1.205397
2026-04-02T23:00:00Z,1.2283788240518096,1.2243927109092618,1.244622,1.205397
2026-04-03T00:00:00Z,1.2294057520402966,1.2247440288313327,1.2416205,1.205397
2026-04-03T01:00:00Z,1.2293155849202306,1.2249177419402577,1.2406199999999998,1.205397
2026-04-03T02:00:00Z,1.2303565660490683,1.2252884463508593,1.2406199999999998,1.205397
2026-04-03T03:00:00Z,1.2324995513714976,1.2258889179283752,1.246623,1.205397
2026-04-03T04:00:00Z,1.2348329844000538,1.2265873294415026,1.2496245000000001,1.205397
2026-04-03T05:00:00Z,1.2384256545333752,1.2275837649745025,1.2636314999999998,1.205397
2026-04-03T06:00:00Z,1.2414421757481806,1.2285803459959512,1.2636314999999998,1.205397
2026-04-03T07:00:00Z,1.2440105811374738,1.229577066567545,1.2636314999999998,1.205397
2026-04-03T08:00:00Z,1.246230451995813,1.2305739209933595,1.2636314999999998,1.205397
2026-04-03T09:00:00Z,1.2479570182189657,1.2315300874834265,1.2636314999999998,1.205397
2026-04-03T10:00:00Z,1.2492999030591956,1.2324472267698172,1.2636314999999998,1.205397
2026-04-03T11:00:00Z,1.2496777023793744,1.2332044828200286,1.2636314999999998,1.205397
2026-04-03T12:00:00Z,1.2488604351839578,1.2337267488273744,1.2636314999999998,1.205397
2026-04-03T13:00:00Z,1.2468914495875227,1.2339827998956447,1.2636314999999998,1.2103945
2026-04-03T14:00:00Z,1.2458044607902954,1.2343100325529652,1.2636314999999998,1.21939
2026-04-03T15:00:00Z,1.244292358392452,1.2345014597957011,1.2636314999999998,1.21939
2026-04-03T16:00:00Z,1.2431162787496848,1.2346850736815909,1.2636314999999998,1.21939
2026-04-03T17:00:00Z,1.243312661249755,1.2350652747558115,1.2636314999999998,1.221389
2026-04-03T18:00:00Z,1.2439098476386983,1.235511590071901,1.2636314999999998,1.221389
2026-04-03T19:00:00Z,1.2441521037189875,1.2358988721097826,1.2636314999999998,1.221389
2026-04-03T20:00:00Z,1.2438960806703236,1.2361887140644852,1.2636314999999998,1.225387
2026-04-03T21:00:00Z,1.2432525071880294,1.236385093082261,1.2636314999999998,1.2263865000000003
2026-04-03T22:00:00Z,1.2434186167018006,1.2366959056095157,1.2636314999999998,1.2263865000000003
2026-04-03T23:00:00Z,1.2426589241014006,1.2368307666050455,1.2636314999999998,1.2263865000000003
2026-04-04T00:00:00Z,1.240068052078867,1.2365927761313702,1.2636314999999998,1.2263865000000003
2026-04-04T01:00:00Z,1.2389418182835632,1.236527764860702,1.2636314999999998,1.2263865000000003
2026-04-04T02:00:00Z,1.2376214142205493,1.2363837744582244,1.2636314999999998,1.229385
2026-04-04T03:00:00Z,1.2363722110604272,1.236204844888501,1.2636314999999998,1.229385
2026-04-04T04:00:00Z,1.2349561641581102,1.23595158591346,1.2636314999999998,1.2283855000000001
2026-04-04T05:00:00Z,1.2345214610118633,1.235831113019033,1.2596294999999997,1.2283855000000001
2026-04-04T06:00:00Z,1.234405580787005,1.2357563737121335,1.2596294999999997,1.2283855000000001
2026-04-04T07:00:00Z,1.233426562834337,1.2355214196830668,1.2596294999999997,1.2283855000000001
2026-04-04T08:00:00Z,1.2328873266489289,1.2353368719409008,1.2596294999999997,1.225387
2026-04-04T09:00:00Z,1.2331345873936113,1.2352823057392313,1.2596294999999997,1.225387
2026-04-04T10:00:00Z,1.2328824568616976,1.2351483340764053,1.2566279999999999,1.225387
2026-04-04T11:00:00Z,1.2324641331146537,1.2349790143181847,1.2566279999999999,1.225387
2026-04-04T12:00:00Z,1.232805436866953,1.2349390545500956,1.2506249999999999,1.225387
2026-04-04T13:00:00Z,1.2330708953409635,1.2349007257929487,1.2506249999999999,1.225387
2026-04-04T14:00:00Z,1.2337218074874161,1.2349455941279304,1.2506249999999999,1.225387
2026-04-04T15:00:00Z,1.2335614058235458,1.2348661821227087,1.2506249999999999,1.225387
2026-04-04T16:00:00Z,1.2329922045294244,1.2347083787707613,1.2506249999999999,1.225387
2026-04-04T17:00:00Z,1.2325494924117746,1.2345570163719546,1.2506249999999999,1.225387
2026-04-04T18:00:00Z,1.2328718274313801,1.2345342810098339,1.2506249999999999,1.225387
2026-04-04T19:00:00Z,1.232900310224407,1.2344716572951466,1.2496245000000001,1.225387
2026-04-04T20:00:00Z,1.232922463507872,1.2344115896504466,1.2456225,1.225387
2026-04-04T21:00:00Z,1.2329396938394561,1.2343539737463467,1.2456225,1.225387
2026-04-04T22:00:00Z,1.233175317430688,1.2343395258383325,1.2456225,1.225387
2026-04-04T23:00:00Z,1.2342474691127574,1.234488932946972,1.242621,1.225387
2026-04-05T00:00:00Z,1.235081364865478,1.234632241806279,1.242621,1.225387
2026-04-05T01:00:00Z,1.235285506006483,1.2346880686713289,1.242621,1.225387
2026-04-05T02:00:00Z,1.2361109491161533,1.2348640658684173,1.242621,1.225387
2026-04-05T03:00:00Z,1.2374196270903415,1.2351553284860328,1.2436215,1.225387
2026-04-05T04:00:00Z,1.2388819321813767,1.2355163354866028,1.2476235,1.225387
2026-04-05T05:00:00Z,1.2402415028077374,1.2359034238340885,1.248624,1.225387
2026-04-05T06:00:00Z,1.2406322799615734,1.236152263677595,1.248624,1.225387
2026-04-05T07:00:00Z,1.241380662192335,1.2364725794458564,1.2496245000000001,1.225387
2026-04-05T08:00:00Z,1.2432960705940381,1.2370247190603112,1.2536264999999998,1.227386
2026-04-05T09:00:00Z,1.2461191660175852,1.2377992203231556,1.2576284999999998,1.227386
2026-04-05T10:00:00Z,1.2476482402358995,1.2384196603099655,1.258629,1.227386
2026-04-05T11:00:00Z,1.2490597424056997,1.2390555925422118,1.258629,1.227386
2026-04-05T12:00:00Z,1.2479353552044332,1.2392574050915093,1.258629,1.227386
2026-04-05T13:00:00Z,1.2470608318256702,1.2394509803938967,1.258629,1.227386
2026-04-05T14:00:00Z,1.247047313642188,1.2397591036431255,1.258629,1.227386
2026-04-05T15:00:00Z,1.2472590217217019,1.2400954667597324,1.2596294999999997,1.227386
2026-04-05T16:00:00Z,1.2467570168946571,1.2402956517899473,1.2596294999999997,1.227386
2026-04-05T17:00:00Z,1.2456999020291777,1.2403652170230106,1.2596294999999997,1.2283855000000001
2026-04-05T18:00:00Z,1.2450999238004716,1.2404727591853366,1.2596294999999997,1.2303845000000002
2026-04-05T19:00:00Z,1.2448554962892557,1.24061672819818,1.2596294999999997,1.2303845000000002
2026-04-05T20:00:00Z,1.2451098304471988,1.240836453577846,1.2596294999999997,1.231384
2026-04-05T21:00:00Z,1.2450854236811546,1.241006394248138,1.2596294999999997,1.231384
2026-04-05T22:00:00Z,1.2452886628631203,1.241210214891071,1.2596294999999997,1.231384
2026-04-05T23:00:00Z,1.246557848893538,1.2416097979567415,1.2616304999999999,1.2343825000000002
2026-04-06T00:00:00Z,1.2479894380283074,1.2420747041625888,1.2616304999999999,1.2343825000000002
2026-04-06T01:00:00Z,1.2493251184664613,1.2425614509314626,1.2616304999999999,1.2343825000000002
2026-04-06T02:00:00Z,1.2499195365850255,1.2429466978322192,1.2616304999999999,1.2363815000000002
2026-04-06T03:00:00Z,1.2510485284550197,1.2434386693492716,1.2616304999999999,1.2363815000000002
2026-04-06T04:00:00Z,1.2521488554650153,1.2439513767227708,1.2616304999999999,1.2363815000000002
2026-04-06T05:00:00Z,1.2525602209172342,1.2443615246116373,1.2616304999999999,1.2363815000000002
2026-04-06T06:00:00Z,1.2526579496022932,1.2447141154438153,1.2616304999999999,1.2383805
2026-04-06T07:00:00Z,1.253178405246228,1.2451339474665166,1.2616304999999999,1.2383805
2026-04-06T08:00:00Z,1.2544720929692885,1.2456999087944138,1.2616304999999999,1.2383805
2026-04-06T09:00:00Z,1.25658940564278,1.246446851292601,1.2676334999999999,1.2383805
2026-04-06T10:00:00Z,1.2577917599443844,1.2470816736888213,1.2676334999999999,1.2383805
2026-04-06T11:00:00Z,1.2569491466234102,1.2473640543545836,1.2676334999999999,1.2383805
2026-04-06T12:00:00Z,1.2562937807070969,1.2476349092788863,1.2676334999999999,1.2383805
2026-04-06T13:00:00Z,1.2520062738832975,1.2472008313491358,1.2676334999999999,1.229385
2026-04-06T14:00:00Z,1.248671546353676,1.246784470885906,1.2676334999999999,1.225387
2026-04-06T15:00:00Z,1.2469667582750814,1.24654837003342,1.2676334999999999,1.225387
2026-04-06T16:00:00Z,1.2465297008806189,1.2464851712565457,1.2676334999999999,1.225387
2026-04-06T17:00:00Z,1.245745322907148,1.2463429193685234,1.2676334999999999,1.225387
2026-04-06T18:00:00Z,1.245135251150004,1.2462064736800122,1.2676334999999999,1.225387
2026-04-06T19:00:00Z,1.2446607508944476,1.246075597203277,1.2676334999999999,1.225387
2026-04-06T20:00:00Z,1.2447361395845704,1.2460316952766126,1.2676334999999999,1.225387
2026-04-06T21:00:00Z,1.2445725530102214,1.2459487689387916,1.2676334999999999,1.225387
2026-04-06T22:00:00Z,1.2422230967857277,1.245461064084147,1.2676334999999999,1.225387
2026-04-06T23:00:00Z,1.2408401863888994,1.2450748982031614,1.2676334999999999,1.225387
2026-04-07T00:00:00Z,1.2386534783024774,1.2445004125622159,1.2676334999999999,1.225387
2026-04-07T01:00:00Z,1.2369527053463714,1.2439493753147783,1.2676334999999999,1.225387
2026-04-07T02:00:00Z,1.2358521041582888,1.2434616457100935,1.2676334999999999,1.225387
2026-04-07T03:00:00Z,1.2361071921231135,1.2431979050688653,1.2676334999999999,1.225387
2026-04-07T04:00:00Z,1.2354167049846438,1.2427816640456462,1.2676334999999999,1.225387
2026-04-07T05:00:00Z,1.2353241038769451,1.2424640451050075,1.2676334999999999,1.225387
2026-04-07T06:00:00Z,1.2352520807931795,1.2421593902027623,1.2676334999999999,1.225387
2026-04-07T07:00:00Z,1.2345293961724728,1.2417447212148944,1.2676334999999999,1.225387
2026-04-07T08:00:00Z,1.233522863689701,1.2412653448387763,1.2676334999999999,1.225387
2026-04-07T09:00:00Z,1.2331844495364344,1.2408871674984179,1.2676334999999999,1.225387
2026-04-07T10:00:00Z,1.232032349639449,1.2403611606617475,1.2636314999999998,1.225387
2026-04-07T11:00:00Z,1.231580716386238,1.2399382561449415,1.2596294999999997,1.225387
2026-04-07T12:00:00Z,1.2305627794115184,1.239410164057393,1.254627,1.221389
2026-04-07T13:00:00Z,1.2282154950978477,1.2386179124632135,1.2516254999999998,1.2123935000000001
2026-04-07T14:00:00Z,1.227056496187215,1.2379804466483884,1.2516254999999998,1.2123935000000001
2026-04-07T15:00:00Z,1.2252661637011673,1.2372057345402907,1.2516254999999998,1.2123935000000001
2026-04-07T16:00:00Z,1.2238736828786856,1.2364626433345645,1.2516254999999998,1.2123935000000001
2026-04-07T17:00:00Z,1.2236795311278665,1.2359131476882557,1.2516254999999998,1.2123935000000001
2026-04-07T18:00:00Z,1.2230840797661184,1.2353044477826125,1.2516254999999998,1.2123935000000001
2026-04-07T19:00:00Z,1.2221765064847587,1.2346389601180159,1.2516254999999998,1.2073960000000001
2026-04-07T20:00:00Z,1.2225817272659234,1.2342047168478927,1.2516254999999998,1.2073960000000001
2026-04-07T21:00:00Z,1.224896898984607,1.2341555447316521,1.2456225,1.2073960000000001
2026-04-07T22:00:00Z,1.228030921432472,1.2343532775997479,1.242621,1.2073960000000001
2026-04-07T23:00:00Z,1.232246272225256,1.2348694703507785,1.2536264999999998,1.2073960000000001
2026-04-08T00:00:00Z,1.2344137672863102,1.2351605123772773,1.2536264999999998,1.2073960000000001
2026-04-08T01:00:00Z,1.2360995967782413,1.2354396751373884,1.2536264999999998,1.2073960000000001
2026-04-08T02:00:00Z,1.2385219086052988,1.2359115251317807,1.2536264999999998,1.2073960000000001
2026-04-08T03:00:00Z,1.2417392622485657,1.2366090139019121,1.2536264999999998,1.2073960000000001
2026-04-08T04:00:00Z,1.2464638706377733,1.2376861970079565,1.2656325,1.2073960000000001
2026-04-08T05:00:00Z,1.2510274549404903,1.2388826787627336,1.268634,1.2073960000000001
2026-04-08T06:00:00Z,1.2556880205092702,1.240234406160173,1.2726359999999999,1.2073960000000001
2026-04-08T07:00:00Z,1.2588684603960991,1.241449328357717,1.274637,1.2073960000000001
2026-04-08T08:00:00Z,1.2624532469747438,1.24281874352679,1.2776385,1.2073960000000001
2026-04-08T09:00:00Z,1.2643525254248007,1.2439689988930434,1.2776385,1.2073960000000001
2026-04-08T10:00:00Z,1.2651630753304006,1.2449498560810823,1.2776385,1.2073960000000001
2026-04-08T11:00:00Z,1.2624601697014226,1.2452784333838953,1.2776385,1.2073960000000001
2026-04-08T12:00:00Z,1.260357909767773,1.2455935993682261,1.2776385,1.2073960000000001
2026-04-08T13:00:00Z,1.2591672631527122,1.2459775340878902,1.2776385,1.2073960000000001
2026-04-08T14:00:00Z,1.256463426896554,1.2460192673904253,1.2776385,1.2073960000000001
2026-04-08T15:00:00Z,1.2559159986973198,1.2463450115785712,1.2776385,1.2073960000000001
2026-04-08T16:00:00Z,1.2552679989868043,1.2466166437590376,1.2776385,1.2073960000000001
2026-04-08T17:00:00Z,1.2563195547675143,1.247162903197444,1.2776385,1.2073960000000001
2026-04-08T18:00:00Z,1.2544707648191777,1.2471970704138748,1.2776385,1.2073960000000001
2026-04-08T19:00:00Z,1.2536994837482494,1.247352292029635,1.2776385,1.2183905000000002
2026-04-08T20:00:00Z,1.2528773762486383,1.247460361742711,1.2776385,1.2223885
2026-04-08T21:00:00Z,1.2526824037489408,1.2476456531001512,1.2776385,1.2323835
2026-04-08T22:00:00Z,1.249864091804732,1.2473335856266756,1.2776385,1.2383805
2026-04-08T23:00:00Z,1.2465609602925694,1.246830173968444,1.2776385,1.2303845000000002
2026-04-09T00:00:00Z,1.2415474135608873,1.2458983301329973,1.2776385,1.2203895000000002
2026-04-09T01:00:00Z,1.2383146549918012,1.2451269697194056,1.2776385,1.2143925000000002
2026-04-09T02:00:00Z,1.2349113983269566,1.2442238280982054,1.2776385,1.2143925000000002
2026-04-09T03:00:00Z,1.2318199764765219,1.2432759167472582,1.2776385,1.2143925000000002
2026-04-09T04:00:00Z,1.2298599817039615,1.2424483283085945,1.2776385,1.2143925000000002
2026-04-09T05:00:00Z,1.2312244302141924,1.2421851312347743,1.2776385,1.2143925000000002
2026-04-09T06:00:00Z,1.2302856679443719,1.2415653299598854,1.2776385,1.2143925000000002
2026-04-09T07:00:00Z,1.2299999639567338,1.2410524593492778,1.2776385,1.2143925000000002
2026-04-09T08:00:00Z,1.2295555275219041,1.2405197059064499,1.2756374999999998,1.2143925000000002
2026-04-09T09:00:00Z,1.228543188072592,1.239886248522513,1.274637,1.2143925000000002
2026-04-09T10:00:00Z,1.226422479612016,1.2390337485828185,1.2676334999999999,1.2143925000000002
2026-04-09T11:00:00Z,1.2245508174760125,1.2381752282324991,1.2616304999999999,1.211394
2026-04-09T12:00:00Z,1.2244284135924541,1.2375966474883155,1.2616304999999999,1.211394
2026-04-09T13:00:00Z,1.223666543905242,1.2369192333051189,1.2616304999999999,1.211394
2026-04-09T14:00:00Z,1.236851756370744,1.2388000809253181,1.284642,1.211394
2026-04-09T15:00:00Z,1.2508846993994676,1.2412980368059172,1.318659,1.211394
2026-04-09T16:00:00Z,1.2580214328662525,1.2430001577526144,1.3236614999999998,1.211394
2026-04-09T17:00:00Z,1.2653500033404186,1.2449593349872015,1.3236614999999998,1.211394
2026-04-09T18:00:00Z,1.2652722248203254,1.2457773213142544,1.3236614999999998,1.211394
2026-04-09T19:00:00Z,1.2667672859713643,1.246847634729999,1.3236614999999998,1.211394
2026-04-09T20:00:00Z,1.2679301113110613,1.2478742618838765,1.3236614999999998,1.211394
2026-04-09T21:00:00Z,1.2677234199086032,1.248654904255963,1.3236614999999998,1.211394
2026-04-09T22:00:00Z,1.2671182154844691,1.2493220510210257,1.3236614999999998,1.211394
2026-04-09T23:00:00Z,1.262647500932365,1.2492272734283307,1.3236614999999998,1.211394
2026-04-10T00:00:00Z,1.2602813896140617,1.24934044594146,1.3236614999999998,1.211394
2026-04-10T01:00:00Z,1.2588855252553812,1.2495306318214006,1.3236614999999998,1.211394
2026-04-10T02:00:00Z,1.2577998529764076,1.2497130550123638,1.3236614999999998,1.211394
2026-04-10T03:00:00Z,1.2567332189816502,1.2498472160322673,1.3236614999999998,1.211394
2026-04-10T04:00:00Z,1.2565702814301725,1.2500983500717666,1.3236614999999998,1.211394
2026-04-10T05:00:00Z,1.256887996667912,1.2504208663953678,1.3236614999999998,1.211394
2026-04-10T06:00:00Z,1.2604684418528205,1.2513424636853527,1.3236614999999998,1.211394
2026-04-10T07:00:00Z,1.2652532325521937,1.2525937916981955,1.3236614999999998,1.211394
2026-04-10T08:00:00Z,1.2707525142072618,1.254120575710514,1.3236614999999998,1.211394
2026-04-10T09:00:00Z,1.2759186221612038,1.2557483073141666,1.3236614999999998,1.211394
2026-04-10T10:00:00Z,1.2788255950142695,1.2571055192605272,1.3236614999999998,1.211394
2026-04-10T11:00:00Z,1.2810865738999873,1.2584073348009137,1.3236614999999998,1.2143925000000002
2026-04-10T12:00:00Z,1.2828451130333234,1.2596560150131213,1.3236614999999998,1.2173910000000001
2026-04-10T13:00:00Z,1.2837684212481404,1.2607720960329938,1.3236614999999998,1.21939
2026-04-10T14:00:00Z,1.2822643276374426,1.2614344594602183,1.3236614999999998,1.2343825000000002
2026-04-10T15:00:00Z,1.280872254829122,1.262028971318985,1.3236614999999998,1.2343825000000002
2026-04-10T16:00:00Z,1.280233975978206,1.262680850040659,1.30065,1.2343825000000002
2026-04-10T17:00:00Z,1.2806264257608269,1.2634693867736932,1.30065,1.2343825000000002
2026-04-10T18:00:00Z,1.2820427755917543,1.2644298199666035,1.30065,1.2343825000000002
2026-04-10T19:00:00Z,1.2840332699046977,1.2655143171108236,1.30065,1.2343825000000002
2026-04-10T20:00:00Z,1.2886925432592093,1.2671259776369126,1.3096545,1.2343825000000002
2026-04-10T21:00:00Z,1.2909830892016072,1.2684269581415284,1.3096545,1.2343825000000002
2026-04-10T22:00:00Z,1.2934312916012503,1.2697972863806497,1.3096545,1.2343825000000002
2026-04-10T23:00:00Z,1.2964465601343056,1.271315764487562,1.3096545,1.2343825000000002
2026-04-11T00:00:00Z,1.3014584356600154,1.2732620598146,1.324662,1.2493750000000001
2026-04-11T01:00:00Z,1.302467672180012,1.274598302271147,1.324662,1.2503745
2026-04-11T02:00:00Z,1.304141522806676,1.2760432695253858,1.324662,1.2503745
2026-04-11T03:00:00Z,1.3063322955163035,1.2775925238304722,1.324662,1.2523735
2026-04-11T04:00:00Z,1.3084806742904584,1.2791601759190243,1.324662,1.2523735
2026-04-11T05:00:00Z,1.307707191114801,1.280214862616207,1.324662,1.2553720000000002
2026-04-11T06:00:00Z,1.3077722597559565,1.2813489498563617,1.324662,1.2713640000000002
2026-04-11T07:00:00Z,1.3140450909212995,1.2835796049642652,1.3436715,1.2713640000000002
2026-04-11T08:00:00Z,1.319812848494344,1.2858824782310299,1.3436715,1.2713640000000002
2026-04-11T09:00:00Z,1.3267433266067121,1.2885403362624164,1.3516754999999998,1.2713640000000002
2026-04-11T10:00:00Z,1.3381336984718872,1.2921917511088483,1.3806899999999998,1.2713640000000002
2026-04-11T11:00:00Z,1.3529928765892456,1.296796169430936,1.4177085,1.2713640000000002
2026-04-11T12:00:00Z,1.3616611262360798,1.300682040066408,1.4177085,1.2713640000000002
2026-04-11T13:00:00Z,1.3712919870725064,1.3049399159820647,1.4237115,1.2713640000000002
2026-04-11T14:00:00Z,1.377227101056394,1.3087382867583068,1.4237115,1.2713640000000002
2026-04-11T15:00:00Z,1.3811766341549732,1.3122591730130697,1.4237115,1.2713640000000002
2026-04-11T16:00:00Z,1.3918040487872014,1.3170241047268219,1.4387189999999999,1.2713640000000002
2026-04-11T17:00:00Z,1.4096253712789344,1.323349651472666,1.4777385,1.27936
2026-04-11T18:00:00Z,1.42993084432806,1.3306006861064348,1.5057524999999998,1.283358
2026-04-11T19:00:00Z,1.4415017678107134,1.3367802499388253,1.518759,1.289355
2026-04-11T20:00:00Z,1.4405013749638882,1.3408708519821384,1.518759,1.2973510000000001
2026-04-11T21:00:00Z,1.444167736083024,1.345610817207357,1.518759,1.2973510000000001
2026-04-11T22:00:00Z,1.4527971280645744,1.3512185389539955,1.518759,1.2983505
2026-04-11T23:00:00Z,1.4530644329391134,1.3554137006293425,1.518759,1.2983505
2026-04-12T00:00:00Z,1.456827892285977,1.3600906924403897,1.518759,1.2983505
2026-04-12T01:00:00Z,1.448199471777982,1.3624543376469043,1.518759,1.2983505
2026-04-12T02:00:00Z,1.442821811382875,1.3649664054980508,1.518759,1.2983505
2026-04-12T03:00:00Z,1.4368614088533473,1.3670494093552732,1.518759,1.2983505
2026-04-12T04:00:00Z,1.434003317997048,1.3693739232591395,1.518759,1.2983505
2026-04-12T05:00:00Z,1.4315581362199261,1.3715627427179502,1.518759,1.2983505
2026-04-12T06:00:00Z,1.4283229948377203,1.3734173246478296,1.518759,1.305347
2026-04-12T07:00:00Z,1.4260289959848935,1.375237025682612,1.518759,1.327336
2026-04-12T08:00:00Z,1.4235781079882504,1.3768600042261787,1.518759,1.337331
2026-04-12T09:00:00Z,1.4232274173241946,1.3787024530332734,1.518759,1.3483255
2026-04-12T10:00:00Z,1.426954657918818,1.381204393725793,1.518759,1.3723135
2026-04-12T11:00:00Z,1.4316314006035251,1.383930745002291,1.518759,1.383308
2026-04-12T12:00:00Z,1.434157756024964,1.3863417350021976,1.518759,1.383308
2026-04-12T13:00:00Z,1.4352338102416387,1.3884910519408833,1.518759,1.387306
2026-04-12T14:00:00Z,1.4396262968546079,1.3912057028820717,1.518759,1.389305
2026-04-12T15:00:00Z,1.442376008664695,1.3936871027644362,1.518759,1.3903045
2026-04-12T16:00:00Z,1.442514673405874,1.3956998740801736,1.518759,1.4062965
2026-04-12T17:00:00Z,1.4459558570934576,1.3982427363626155,1.518759,1.4062965
2026-04-12T18:00:00Z,1.4497434444060227,1.4008858899804677,1.518759,1.4062965
2026-04-12T19:00:00Z,1.454911567871351,1.4038293230424892,1.4947469999999998,1.4062965
2026-04-12T20:00:00Z,1.4573756638999396,1.406366901693816,1.4947469999999998,1.4062965
2026-04-12T21:00:00Z,1.4579588496999532,1.4085560077471297,1.4947469999999998,1.4062965
2026-04-12T22:00:00Z,1.4570791053221859,1.4104108645737774,1.4837415,1.4062965
2026-04-12T23:00:00Z,1.4555059708061446,1.4120267476523987,1.4797395,1.4062965
2026-04-13T00:00:00Z,1.4551713106270014,1.41373994162577,1.4797395,1.4062965
2026-04-13T01:00:00Z,1.4546887971543345,1.4153423929879834,1.4797395,1.4062965
2026-04-13T02:00:00Z,1.4543135088978159,1.4168794381721472,1.4797395,1.4062965
2026-04-13T03:00:00Z,1.4515771735871903,1.4179047672263454,1.4797395,1.409295
2026-04-13T04:00:00Z,1.4450044683455925,1.4180719195844538,1.4797395,1.409295
2026-04-13T05:00:00Z,1.4392256976021274,1.4181098004177413,1.4797395,1.409295
2026-04-13T06:00:00Z,1.4349533203572102,1.4181869514210987,1.4797395,1.409295
2026-04-13T07:00:00Z,1.4322970269444968,1.418383402383503,1.4797395,1.409295
2026-04-13T08:00:00Z,1.4273421320679418,1.4180412226943804,1.4797395,1.403298
2026-04-13T09:00:00Z,1.4237105471639548,1.4177538258497118,1.4797395,1.403298
2026-04-13T10:00:00Z,1.4202193144608537,1.4173557105089072,1.4797395,1.403298
2026-04-13T11:00:00Z,1.4172816890251085,1.416933028447319,1.4797395,1.401299
2026-04-13T12:00:00Z,1.4152190914639733,1.4165684150413058,1.4797395,1.401299
2026-04-13T13:00:00Z,1.418059293360868,1.4170350103457423,1.4797395,1.401299
2026-04-13T14:00:00Z,1.4229350059473416,1.4179723568622427,1.4797395,1.401299
2026-04-13T15:00:00Z,1.4247272268479325,1.4185040973984777,1.4797395,1.401299
2026-04-13T16:00:00Z,1.4258989542150586,1.4189733179128254,1.4797395,1.401299
2026-04-13T17:00:00Z,1.4254769643894902,1.419178488610261,1.4797395,1.401299
2026-04-13T18:00:00Z,1.4251487500807145,1.4193752849935155,1.4797395,1.401299
2026-04-13T19:00:00Z,1.4266712500627778,1.419890579483576,1.4767379999999999,1.401299
2026-04-13T20:00:00Z,1.4249665278266048,1.419854229300573,1.468734,1.401299
2026-04-13T21:00:00Z,1.4260850771984703,1.4202683423903455,1.4667329999999998,1.401299
2026-04-13T22:00:00Z,1.4289550600432546,1.4210328998438007,1.4667329999999998,1.401299
2026-04-13T23:00:00Z,1.4305206022558647,1.4216438018909923,1.4667329999999998,1.401299
2026-04-14T00:00:00Z,1.430627135087895,1.4220256875280946,1.4637315,1.401299
2026-04-14T01:00:00Z,1.4315988828461403,1.422555251302458,1.4557275,1.401299
2026-04-14T02:00:00Z,1.432132464435887,1.4230223839023575,1.4557275,1.401299
2026-04-14T03:00:00Z,1.4325474723390232,1.4234704498655264,1.448724,1.401299
2026-04-14T04:00:00Z,1.4335369229303514,1.4240226764016273,1.448724,1.401299
2026-04-14T05:00:00Z,1.4354176067236066,1.4247564447117649,1.448724,1.401299
2026-04-14T06:00:00Z,1.4362136941183608,1.4253378143153663,1.448724,1.401299
2026-04-14T07:00:00Z,1.4368328732031694,1.425895454547392,1.448724,1.401299
2026-04-14T08:00:00Z,1.4375366791580206,1.4264711502801515,1.448724,1.401299
2026-04-14T09:00:00Z,1.4358618615673493,1.4266151849625943,1.448724,1.401299
2026-04-14T10:00:00Z,1.4347814478857162,1.4267941570049374,1.448724,1.401299
2026-04-14T11:00:00Z,1.435274459466668,1.427210722025144,1.448724,1.4042975000000002
2026-04-14T12:00:00Z,1.4338801351407418,1.4272837537792198,1.448724,1.407296
2026-04-14T13:00:00Z,1.4339067717761325,1.427557886278027,1.448724,1.417291
2026-04-14T14:00:00Z,1.4330386002703253,1.4276575643891278,1.446723,1.417291
2026-04-14T15:00:00Z,1.4272522446546974,1.426814398495694,1.446723,1.4042975000000002
2026-04-14T16:00:00Z,1.419418412509209,1.425393402638727,1.446723,1.387306
2026-04-14T17:00:00Z,1.4115476541738294,1.4237038760004115,1.446723,1.381309
2026-04-14T18:00:00Z,1.4049815088018673,1.4220016769799866,1.446723,1.3763115000000001
2026-04-14T19:00:00Z,1.3992078401792303,1.4202465064910075,1.446723,1.3753119999999999
2026-04-14T20:00:00Z,1.393606097917179,1.4183588939811704,1.446723,1.3703145
2026-04-14T21:00:00Z,1.3932491872689168,1.4172830207574492,1.446723,1.3703145
2026-04-14T22:00:00Z,1.3909715900980464,1.4158837137877573,1.4457225,1.3703145
2026-04-14T23:00:00Z,1.3916445700762583,1.4149905009800938,1.4457225,1.3703145
2026-04-15T00:00:00Z,1.3899457767259786,1.4137255825727428,1.4457225,1.3703145
2026-04-15T01:00:00Z,1.3908467152313166,1.4129204567534472,1.4457225,1.3703145
2026-04-15T02:00:00Z,1.3897696674021351,1.411821662600245,1.4457225,1.3703145
2026-04-15T03:00:00Z,1.387820852423883,1.410563635555337,1.4457225,1.3703145
2026-04-15T04:00:00Z,1.3871939963296869,1.4095202218592007,1.4457225,1.3703145
2026-04-15T05:00:00Z,1.3847064415897563,1.4081520495384168,1.4457225,1.3673160000000002
2026-04-15T06:00:00Z,1.380105010125366,1.406349925067461,1.4447219999999998,1.3613190000000002
2026-04-15T07:00:00Z,1.3769705634308402,1.4047029893504215,1.4447219999999998,1.3603195000000001
2026-04-15T08:00:00Z,1.3738659937795425,1.403000826519792,1.4437214999999999,1.3603195000000001
2026-04-15T09:00:00Z,1.370784661828533,1.4012456907434738,1.4387189999999999,1.3553220000000001
2026-04-15T10:00:00Z,1.3686102925333037,1.399603009488638,1.4387189999999999,1.3553220000000001
2026-04-15T11:00:00Z,1.368252449748125,1.398272274407469,1.4377185,1.3553220000000001
2026-04-15T12:00:00Z,1.3684185720263193,1.3970774876969598,1.436718,1.3553220000000001
2026-04-15T13:00:00Z,1.366770000464915,1.3956049371787165,1.436718,1.3553220000000001
2026-04-15T14:00:00Z,1.367265555917156,1.3945190213755034,1.4317155,1.3553220000000001
2026-04-15T15:00:00Z,1.3665398768244548,1.3932733470336462,1.4157075,1.3553220000000001
2026-04-15T16:00:00Z,1.3661976819745758,1.3921193328690074,1.4037015,1.3553220000000001
2026-04-15T17:00:00Z,1.36593153042467,1.3910124213233335,1.4037015,1.3553220000000001
2026-04-15T18:00:00Z,1.3706134125525211,1.3908486490244218,1.4037015,1.3553220000000001
2026-04-15T19:00:00Z,1.3769215430964055,1.3911813572275067,1.4077035,1.3553220000000001
2026-04-15T20:00:00Z,1.3833834224083152,1.3917861997896492,1.4107049999999999,1.3553220000000001
2026-04-15T21:00:00Z,1.387742661873134,1.392243905920684,1.4107049999999999,1.3553220000000001
2026-04-15T22:00:00Z,1.3904665147902155,1.3925604811892274,1.4107049999999999,1.3553220000000001
2026-04-15T23:00:00Z,1.3939184003923897,1.393109032977422,1.4117055,1.3553220000000001
2026-04-16T00:00:00Z,1.3963809780829697,1.39359437857018,1.4117055,1.3553220000000001
2026-04-16T01:00:00Z,1.3978518718423096,1.393978281485683,1.4117055,1.3553220000000001
2026-04-16T02:00:00Z,1.4016625669884633,1.3948363108127977,1.4187089999999998,1.3553220000000001
2026-04-16T03:00:00Z,1.405515329879916,1.3958225838408467,1.4257125,1.3553220000000001
2026-04-16T04:00:00Z,1.4071785899066014,1.3965237028677508,1.4257125,1.3553220000000001
2026-04-16T05:00:00Z,1.4075833477051345,1.3970329394853935,1.4257125,1.3553220000000001
2026-04-16T06:00:00Z,1.4090092704373267,1.3977254725676223,1.4257125,1.3553220000000001
2026-04-16T07:00:00Z,1.4085627658956985,1.3981040247077192,1.4257125,1.3553220000000001
2026-04-16T08:00:00Z,1.4079932623633211,1.3984263094135265,1.4257125,1.3553220000000001
2026-04-16T09:00:00Z,1.4084392040603608,1.3988987049476682,1.4257125,1.3553220000000001
2026-04-16T10:00:00Z,1.408119380935836,1.399229370051845,1.4257125,1.3553220000000001
2026-04-16T11:00:00Z,1.4056484073945392,1.3991383753558513,1.4257125,1.3553220000000001
2026-04-16T12:00:00Z,1.4048376501957527,1.399255176361735,1.4257125,1.3553220000000001
2026-04-16T13:00:00Z,1.4050959501522522,1.3995304752857456,1.4257125,1.3553220000000001
2026-04-16T14:00:00Z,1.4061857390073071,1.399957802825103,1.4257125,1.3563215
2026-04-16T15:00:00Z,1.4117000192279057,1.4012248312812212,1.436718,1.3623185
2026-04-16T16:00:00Z,1.4128777927328153,1.4018687157187222,1.4397195,1.3623185
2026-04-16T17:00:00Z,1.4137938387921896,1.4024863191587742,1.4397195,1.3623185
2026-04-16T18:00:00Z,1.4140618746161473,1.4029970816420894,1.4397195,1.3843075
2026-04-16T19:00:00Z,1.4169370135903367,1.4039767925954734,1.4397195,1.3903045
2026-04-16T20:00:00Z,1.4171732327924842,1.404549168407903,1.4397195,1.3923035000000001
2026-04-16T21:00:00Z,1.4169125143941543,1.405016549289213,1.4397195,1.3923035000000001
2026-04-16T22:00:00Z,1.4189319556398978,1.4058730166651634,1.4397195,1.3923035000000001
2026-04-16T23:00:00Z,1.4222804099421427,1.407021056801279,1.4397195,1.3923035000000001
2026-04-17T00:00:00Z,1.4286625410661111,1.4088161157073493,1.4557275,1.3923035000000001
2026-04-17T01:00:00Z,1.4305153097180863,1.409966478331539,1.4557275,1.3943025
2026-04-17T02:00:00Z,1.4281785742251782,1.410376009828211,1.4557275,1.3943025
2026-04-17T03:00:00Z,1.4283611132862497,1.4111361726923657,1.4557275,1.3943025
2026-04-17T04:00:00Z,1.4316141992226388,1.412436737072269,1.4557275,1.3943025
2026-04-17T05:00:00Z,1.4301443771731635,1.412949523314217,1.4557275,1.3943025
2026-04-17T06:00:00Z,1.431223404468016,1.4138495427707796,1.4557275,1.3943025
2026-04-17T07:00:00Z,1.4353959812529014,1.4153250716372783,1.4577285,1.3943025
2026-04-17T08:00:00Z,1.4350857631967011,1.4160873136112668,1.4577285,1.3943025
2026-04-17T09:00:00Z,1.4344000380418787,1.4167368110148886,1.4577285,1.3943025
2026-04-17T10:00:00Z,1.430311140699239,1.4167067370959134,1.4577285,1.3943025
2026-04-17T11:00:00Z,1.4257975538771859,1.4164329927246517,1.4577285,1.3943025
2026-04-17T12:00:00Z,1.4231758752378112,1.4163336868991556,1.4577285,1.3963015
2026-04-17T13:00:00Z,1.4233590140738532,1.4166465976379654,1.4577285,1.397301
2026-04-17T14:00:00Z,1.423723677612997,1.4169875528364158,1.4577285,1.403298
2026-04-17T15:00:00Z,1.4220073048101087,1.4169472445573783,1.4577285,1.403298
2026-04-17T16:00:00Z,1.4222279037411956,1.4171942957999344,1.4577285,1.403298
2026-04-17T17:00:00Z,1.4172883695764855,1.4164924878081002,1.4577285,1.397301
2026-04-17T18:00:00Z,1.4132242874483776,1.4157785087138919,1.4577285,1.389305
2026-04-17T19:00:00Z,1.4100633346820715,1.415093671623529,1.4577285,1.389305
2026-04-17T20:00:00Z,1.4093825936416111,1.4147633176797114,1.4577285,1.389305
2026-04-17T21:00:00Z,1.4106309061656974,1.4147729781825802,1.4577285,1.389305
2026-04-17T22:00:00Z,1.4116018159066535,1.4147822443792095,1.4577285,1.389305
2026-04-17T23:00:00Z,1.4125791901496194,1.414831948690262,1.4577285,1.389305
2026-04-18T00:00:00Z,1.411783814560815,1.4145939099682105,1.4577285,1.389305
2026-04-18T01:00:00Z,1.4102763002139673,1.4142023218062427,1.4577285,1.389305
2026-04-18T02:00:00Z,1.4088815668330859,1.4137859005080287,1.4577285,1.389305
2026-04-18T03:00:00Z,1.4060189964257335,1.413059945385252,1.4577285,1.389305
2026-04-18T04:00:00Z,1.4040147749977927,1.4124044374103435,1.4577285,1.389305
2026-04-18T05:00:00Z,1.402233713887172,1.4117348685364517,1.4577285,1.389305
2026-04-18T06:00:00Z,1.400626221912245,1.4110518126778209,1.4577285,1.389305
2026-04-18T07:00:00Z,1.3991537281539683,1.4103558203236242,1.4537265,1.389305
2026-04-18T08:00:00Z,1.3997862330086421,1.410014766432864,1.442721,1.389305
2026-04-18T09:00:00Z,1.4000559590067216,1.4096468167825429,1.4377185,1.389305
2026-04-18T10:00:00Z,1.3995990792274502,1.4091714365057044,1.4327159999999999,1.389305
2026-04-18T11:00:00Z,1.3987992838435723,1.4086338268524101,1.4327159999999999,1.389305
2026-04-18T12:00:00Z,1.3939549985450008,1.4073426502461892,1.4327159999999999,1.3643175
2026-04-18T13:00:00Z,1.387742776646112,1.4056551951340996,1.4327159999999999,1.3543225
2026-04-18T14:00:00Z,1.384244381835865,1.4042815137000548,1.4257125,1.3543225
2026-04-18T15:00:00Z,1.3813011858723394,1.4029230845694403,1.4247119999999998,1.3543225
2026-04-18T16:00:00Z,1.3794564779007084,1.401701734178851,1.4247119999999998,1.3543225
2026-04-18T17:00:00Z,1.3769105939227733,1.4003261531919589,1.4227109999999998,1.3543225
2026-04-18T18:00:00Z,1.3735971286066013,1.3987618204086136,1.4227109999999998,1.3543225
2026-04-18T19:00:00Z,1.36746443336069,1.396608276718466,1.4227109999999998,1.3423285
2026-04-18T20:00:00Z,1.3595834481694256,1.3939712041993448,1.4227109999999998,1.327336
2026-04-18T21:00:00Z,1.35300934857622,1.3913601346401878,1.4227109999999998,1.3233380000000001
2026-04-18T22:00:00Z,1.3467850488926154,1.3886515577160985,1.4227109999999998,1.321339
2026-04-18T23:00:00Z,1.339277260249812,1.3855637390338087,1.4187089999999998,1.311344
2026-04-19T00:00:00Z,1.3287712024165204,1.3817448109099797,1.414707,1.289355
2026-04-19T01:00:00Z,1.3179331574350714,1.3775919614850825,1.4077035,1.2743625
2026-04-19T02:00:00Z,1.3083924557828333,1.3734045344856913,1.4067029999999998,1.269365
2026-04-19T03:00:00Z,1.3018607989422035,1.3695512881801528,1.4067029999999998,1.269365
2026-04-19T04:00:00Z,1.2936695102883806,1.3652838886625955,1.4067029999999998,1.2553720000000002
2026-04-19T05:00:00Z,1.2888540635576293,1.3614763830028977,1.4067029999999998,1.2553720000000002
2026-04-19T06:00:00Z,1.2873309383226004,1.3582324490027795,1.4067029999999998,1.2553720000000002
2026-04-19T07:00:00Z,1.2881462853620227,1.3554882674108293,1.4067029999999998,1.2553720000000002
2026-04-19T08:00:00Z,1.2890026663926843,1.352896909557326,1.4067029999999998,1.2553720000000002
2026-04-19T09:00:00Z,1.2894465183054211,1.3503705050855983,1.4037015,1.2553720000000002
2026-04-19T10:00:00Z,1.2900139586819943,1.3479880354902678,1.398699,1.2553720000000002
2026-04-19T11:00:00Z,1.2922330789748844,1.3460293401641343,1.3966979999999998,1.2553720000000002
2026-04-19T12:00:00Z,1.2957368392026878,1.3444771221982512,1.3776884999999999,1.2553720000000002
2026-04-19T13:00:00Z,1.2951286527132015,1.3423760151697512,1.3776884999999999,1.2553720000000002
2026-04-19T14:00:00Z,1.2953222854436013,1.3404831165913942,1.3776884999999999,1.2553720000000002
2026-04-19T15:00:00Z,1.2965839997894677,1.3388715608121535,1.3776884999999999,1.2553720000000002
2026-04-19T16:00:00Z,1.297565333169586,1.3373257828198206,1.376688,1.2553720000000002
2026-04-19T17:00:00Z,1.2954397035763445,1.3353124855618685,1.372686,1.2553720000000002
2026-04-19T18:00:00Z,1.29334199167049,1.3332997310491392,1.368684,1.2553720000000002
2026-04-19T19:00:00Z,1.29304377129927,1.3316140277410111,1.348674,1.2553720000000002
2026-04-19T20:00:00Z,1.2921451554549876,1.3298746796699494,1.3376685,1.2553720000000002
2026-04-19T21:00:00Z,1.2932240097983236,1.3285328560099514,1.330665,1.2553720000000002
2026-04-19T22:00:00Z,1.2920631187320295,1.3268784537238307,1.330665,1.2553720000000002
2026-04-19T23:00:00Z,1.2911602034582452,1.3252915780616334,1.3136564999999998,1.2553720000000002
2026-04-20T00:00:00Z,1.2922357138008576,1.324096003446873,1.3096545,1.2553720000000002
2026-04-20T01:00:00Z,1.2930722218451114,1.3229492277959802,1.3096545,1.2553720000000002
2026-04-20T02:00:00Z,1.2946117281017533,1.322012524620634,1.3096545,1.2553720000000002
2026-04-20T03:00:00Z,1.2962535663013637,1.3211956868810162,1.3096545,1.2553720000000002
2026-04-20T04:00:00Z,1.297308329345505,1.3203713731307705,1.3096545,1.2613690000000002
2026-04-20T05:00:00Z,1.2952398117131705,1.3190500925948205,1.3096545,1.269365
2026-04-20T06:00:00Z,1.2947420757769104,1.3179868235093177,1.3096545,1.275362
2026-04-20T07:00:00Z,1.2939105033820413,1.3168853205089373,1.3096545,1.27936
2026-04-20T08:00:00Z,1.293708169297143,1.315910409467756,1.3096545,1.27936
2026-04-20T09:00:00Z,1.2948841316755557,1.3152201886731536,1.3096545,1.27936
2026-04-20T10:00:00Z,1.2960209913032101,1.3145989564824125,1.3096545,1.27936
2026-04-20T11:00:00Z,1.2971274376802746,1.3140438970341508,1.3096545,1.27936
2026-04-20T12:00:00Z,1.2993213404179915,1.3137563910327568,1.3096545,1.27936
2026-04-20T13:00:00Z,1.3043610425473267,1.3140928648681545,1.3256625,1.27936
2026-04-20T14:00:00Z,1.3045030330923653,1.313721727526597,1.3256625,1.27936
2026-04-20T15:00:00Z,1.3081690257385064,1.3140187998724502,1.3256625,1.27936
2026-04-20T16:00:00Z,1.310353686685505,1.31418129783684,1.3256625,1.27936
2026-04-20T17:00:00Z,1.3140528674220593,1.3147045101700299,1.3276634999999999,1.27936
2026-04-20T18:00:00Z,1.3200411191060462,1.3157777954692123,1.3416705,1.27936
2026-04-20T19:00:00Z,1.3229208704158137,1.316480742592918,1.342671,1.27936
2026-04-20T20:00:00Z,1.328938454767855,1.3178488755483089,1.350675,1.27936
2026-04-20T21:00:00Z,1.3305076870416652,1.3185897377708267,1.350675,1.27936
2026-04-20T22:00:00Z,1.3332837565879618,1.3195860750046704,1.350675,1.2813590000000001
2026-04-20T23:00:00Z,1.3365540329017482,1.320745827045296,1.350675,1.283358
2026-04-21T00:00:00Z,1.3450975811458041,1.3229602830842635,1.3796895,1.2843575
2026-04-21T01:00:00Z,1.3517425631134032,1.3250843531624568,1.382691,1.2843575
2026-04-21T02:00:00Z,1.3533553268659804,1.3264686652782747,1.382691,1.2843575
2026-04-21T03:00:00Z,1.355276365340207,1.327918923838345,1.382691,1.2843575
2026-04-21T04:00:00Z,1.3585482841534944,1.3296365187837187,1.382691,1.2843575
2026-04-21T05:00:00Z,1.359981998786051,1.3310799261803015,1.382691,1.2863565
2026-04-21T06:00:00Z,1.362652665722484,1.332750133274983,1.382691,1.2863565
2026-04-21T07:00:00Z,1.3658409622285987,1.3345562502841672,1.3866929999999997,1.2903545
2026-04-21T08:00:00Z,1.3694318595111323,1.3364927298644054,1.3866929999999997,1.2903545
2026-04-21T09:00:00Z,1.372669224064214,1.3384318021148376,1.3896944999999998,1.2963515
2026-04-21T10:00:00Z,1.3729649520499443,1.339883565293824,1.3896944999999998,1.2963515
2026-04-21T11:00:00Z,1.373861629372179,1.3413985218124431,1.3896944999999998,1.2983505
2026-04-21T12:00:00Z,1.3745590450672505,1.3428516433711188,1.3896944999999998,1.29935
2026-04-21T13:00:00Z,1.3742125906078615,1.3440821885396446,1.3896944999999998,1.29935
2026-04-21T14:00:00Z,1.3746097926950034,1.3453849563543527,1.3896944999999998,1.29935
2026-04-21T15:00:00Z,1.374696505429447,1.3465937336460116,1.3896944999999998,1.3153420000000002
2026-04-21T16:00:00Z,1.3734306153340143,1.3475082751298477,1.3896944999999998,1.317341
2026-04-21T17:00:00Z,1.3706682563708998,1.348058957777609,1.3896944999999998,1.3243375
2026-04-21T18:00:00Z,1.3698530882884776,1.3488320615417881,1.3896944999999998,1.3293350000000002
2026-04-21T19:00:00Z,1.366330179779927,1.3490429978053886,1.3896944999999998,1.3293350000000002
2026-04-21T20:00:00Z,1.3638123620510543,1.3492861407521075,1.3896944999999998,1.3323335
2026-04-21T21:00:00Z,1.3605207260397087,1.3492744615377357,1.3896944999999998,1.3323335
2026-04-21T22:00:00Z,1.3581827869197736,1.3493040753525218,1.3896944999999998,1.337331
2026-04-21T23:00:00Z,1.3592532787153795,1.3498630926850719,1.3896944999999998,1.3443275000000001
2026-04-22T00:00:00Z,1.3594192167786285,1.3502768440040485,1.3896944999999998,1.3443275000000001
2026-04-22T01:00:00Z,1.3597705019389332,1.350714523840618,1.3896944999999998,1.3443275000000001
2026-04-22T02:00:00Z,1.3627103903969482,1.3516241351124294,1.3896944999999998,1.3443275000000001
2026-04-22T03:00:00Z,1.3652191925309598,1.3525374357200854,1.3896944999999998,1.3443275000000001
2026-04-22T04:00:00Z,1.3676149275240799,1.3534950914049797,1.3896944999999998,1.3443275000000001
2026-04-22T05:00:00Z,1.3685893880742843,1.3542503937966133,1.3896944999999998,1.3443275000000001
2026-04-22T06:00:00Z,1.3700139685022212,1.355097316498792,1.3896944999999998,1.3443275000000001
2026-04-22T07:00:00Z,1.3711219755017277,1.3559096709274125,1.3896944999999998,1.3443275000000001
2026-04-22T08:00:00Z,1.3728726476124549,1.3568521333385384,1.3896944999999998,1.3443275000000001
2026-04-22T09:00:00Z,1.3735676148096871,1.357633678916557,1.3896944999999998,1.3443275000000001
2026-04-22T10:00:00Z,1.3741081448519787,1.3583833246750647,1.3896944999999998,1.3443275000000001
2026-04-22T11:00:00Z,1.3736396682182055,1.3589391073413886,1.3896944999999998,1.3443275000000001
2026-04-22T12:00:00Z,1.3739419641697155,1.3595946539805155,1.3896944999999998,1.3443275000000001
2026-04-22T13:00:00Z,1.3737326387986677,1.3601418109609027,1.3896944999999998,1.3443275000000001
2026-04-22T14:00:00Z,1.3735698301767416,1.3606666350033148,1.3896944999999998,1.3443275000000001
2026-04-22T15:00:00Z,1.3741098679152435,1.3612924866358325,1.3836914999999999,1.3443275000000001
2026-04-22T16:00:00Z,1.3723076750451895,1.3614846300384513,1.3836914999999999,1.3443275000000001
2026-04-22T17:00:00Z,1.372239302812925,1.361913828812392,1.3836914999999999,1.3443275000000001
2026-04-22T18:00:00Z,1.3721861244100526,1.362325509269029,1.3836914999999999,1.3443275000000001
2026-04-22T19:00:00Z,1.3728114300967076,1.3628428354213133,1.3836914999999999,1.3443275000000001
2026-04-22T20:00:00Z,1.372631112297439,1.3632165972408516,1.3836914999999999,1.3443275000000001
2026-04-22T21:00:00Z,1.372046420675786,1.3634934708228577,1.3836914999999999,1.3453270000000002
2026-04-22T22:00:00Z,1.3715916605256115,1.3637590434423328,1.3836914999999999,1.349325
2026-04-22T23:00:00Z,1.369460180408809,1.363687245750809,1.3836914999999999,1.3563215
2026-04-23T00:00:00Z,1.3669134736512958,1.3634551132711838,1.3836914999999999,1.3563215
2026-04-23T01:00:00Z,1.364488257284341,1.3631508229335842,1.3836914999999999,1.3513240000000002
2026-04-23T02:00:00Z,1.361935311221154,1.3627365036301726,1.3836914999999999,1.3453270000000002
2026-04-23T03:00:00Z,1.3583941309497864,1.3620533810330226,1.3836914999999999,1.3383305
2026-04-23T04:00:00Z,1.3571954351831672,1.3616838552765727,1.3836914999999999,1.3383305
2026-04-23T05:00:00Z,1.3551520051424635,1.3611253305714064,1.3836914999999999,1.3383305
2026-04-23T06:00:00Z,1.3537848928885827,1.3606304191195122,1.3836914999999999,1.3383305
2026-04-23T07:00:00Z,1.3522771389133421,1.360074075481981,1.3836914999999999,1.3383305
2026-04-23T08:00:00Z,1.3511044413770439,1.3595404397480224,1.3836914999999999,1.3383305
2026-04-23T09:00:00Z,1.3486367877377008,1.3587428707787153,1.3816905,1.337331
2026-04-23T10:00:00Z,1.3449397237959895,1.3576513250326452,1.3816905,1.3293350000000002
2026-04-23T11:00:00Z,1.342064229619103,1.3566043321741699,1.3816905,1.3263365
2026-04-23T12:00:00Z,1.33871662303708,1.3553959920854282,1.3816905,1.3243375
2026-04-23T13:00:00Z,1.3356684845843954,1.3541553393472474,1.3796895,1.3223385
2026-04-23T14:00:00Z,1.3332977102323076,1.3529653254963394,1.3786889999999998,1.3193400000000002
2026-04-23T15:00:00Z,1.3321204412917949,1.3519463326189376,1.3776884999999999,1.3193400000000002
2026-04-23T16:00:00Z,1.3316492321158404,1.3510505639406136,1.3776884999999999,1.3193400000000002
2026-04-23T17:00:00Z,1.337282736090098,1.3512933980654864,1.3816905,1.3193400000000002
2026-04-23T18:00:00Z,1.340108794736743,1.3512406063077114,1.3816905,1.3193400000000002
2026-04-23T19:00:00Z,1.3423068403508,1.3511899693155598,1.3816905,1.3193400000000002
2026-04-23T20:00:00Z,1.3435719869395113,1.351059766486353,1.3816905,1.3193400000000002
2026-04-23T21:00:00Z,1.3430004342862867,1.3506491637726243,1.3816905,1.3193400000000002
2026-04-23T22:00:00Z,1.3418892266671119,1.3501328713737415,1.3816905,1.3193400000000002
2026-04-23T23:00:00Z,1.3396916207410872,1.3493927541748132,1.3816905,1.3193400000000002
2026-04-24T00:00:00Z,1.3368712605764013,1.348478764208494,1.3816905,1.3193400000000002
2026-04-24T01:00:00Z,1.3326776471149788,1.3472347330163106,1.3816905,1.311344
2026-04-24T02:00:00Z,1.3329715033116503,1.3466945398319714,1.3816905,1.311344
2026-04-24T03:00:00Z,1.3296445025757282,1.3455233341245438,1.3816905,1.3103445
2026-04-24T04:00:00Z,1.327501279781122,1.3444815653847664,1.3816905,1.3103445
2026-04-24T05:00:00Z,1.3269454398297618,1.3436863994506942,1.3816905,1.3103445
2026-04-24T06:00:00Z,1.3265131198675926,1.3429236892690333,1.3816905,1.3103445
2026-04-24T07:00:00Z,1.326621315452572,1.3422737427682563,1.3816905,1.3103445
2026-04-24T08:00:00Z,1.3267054675742225,1.3416503246960825,1.3816905,1.3103445
2026-04-24T09:00:00Z,1.3241042525577285,1.3405625563411403,1.3816905,1.3103445
2026-04-24T10:00:00Z,1.321414418656011,1.3393967377149714,1.3816905,1.2943525
2026-04-24T11:00:00Z,1.320433436732453,1.3384825851551765,1.3816905,1.2943525
2026-04-24T12:00:00Z,1.3212260063474635,1.3378914592304754,1.3816905,1.2943525
2026-04-24T13:00:00Z,1.3220646716035827,1.3373652772210682,1.3816905,1.2943525
2026-04-24T14:00:00Z,1.3220503001361197,1.3367381230487798,1.3816905,1.2943525
2026-04-24T15:00:00Z,1.3222613445503153,1.336177383332503,1.3816905,1.2943525
2026-04-24T16:00:00Z,1.3208699346502453,1.33535381666587,1.3816905,1.2943525
2026-04-24T17:00:00Z,1.3213432825057463,1.3348495792509365,1.364682,1.2943525
2026-04-24T18:00:00Z,1.3237114419489138,1.3347332698937553,1.358679,1.2943525
2026-04-24T19:00:00Z,1.326664454849155,1.3348257894899285,1.3536765,1.2943525
2026-04-24T20:00:00Z,1.3322945759937874,1.335526777674013,1.3556774999999999,1.2943525
2026-04-24T21:00:00Z,1.334451336884057,1.3357909908301757,1.3556774999999999,1.2943525
2026-04-24T22:00:00Z,1.3350177064653777,1.3358403381432296,1.3556774999999999,1.2943525
2026-04-24T23:00:00Z,1.3352359939175158,1.33584685495371,1.3556774999999999,1.2943525
2026-04-25T00:00:00Z,1.3349613286025124,1.3357714731188646,1.3556774999999999,1.2943525
2026-04-25T01:00:00Z,1.3340810333575095,1.3355767191140129,1.3556774999999999,1.2943525
2026-04-25T02:00:00Z,1.3347296926113963,1.3356348122114,1.3556774999999999,1.2943525
2026-04-25T03:00:00Z,1.3361230942533082,1.3358537994680775,1.3556774999999999,1.2943525
2026-04-25T04:00:00Z,1.3365401844192397,1.3359413994897884,1.3556774999999999,1.2943525
2026-04-25T05:00:00Z,1.337086810103853,1.3360662403269399,1.3556774999999999,1.2943525
2026-04-25T06:00:00Z,1.3399564078585524,1.3366349652115546,1.356678,1.2943525
2026-04-25T07:00:00Z,1.3428549838899853,1.3373029258151645,1.356678,1.2943525
2026-04-25T08:00:00Z,1.3448872096922109,1.3379028063941374,1.358679,1.2943525
2026-04-25T09:00:00Z,1.3446900519828306,1.3381516714392747,1.358679,1.2943525
2026-04-25T10:00:00Z,1.3449811515422017,1.3384720113805286,1.358679,1.3103445
2026-04-25T11:00:00Z,1.3443186734217123,1.3386160109160172,1.358679,1.3123435
2026-04-25T12:00:00Z,1.3424700793279984,1.3385092349602612,1.358679,1.3123435
2026-04-25T13:00:00Z,1.3412545061439989,1.3384476335333115,1.358679,1.3123435
2026-04-25T14:00:00Z,1.3385312825564435,1.3380620158380743,1.358679,1.3123435
2026-04-25T15:00:00Z,1.3353021086550116,1.3374880560079487,1.358679,1.3123435
2026-04-25T16:00:00Z,1.3312349733983424,1.3366518088239507,1.358679,1.3133430000000001
2026-04-25T17:00:00Z,1.326516090420933,1.3355639798923609,1.358679,1.3083455
2026-04-25T18:00:00Z,1.3239569592162812,1.3347246337743053,1.358679,1.3083455
2026-04-25T19:00:00Z,1.32241096827933,1.3340011793345377,1.358679,1.3083455
2026-04-25T20:00:00Z,1.3216529753283677,1.3333888863004748,1.358679,1.3083455
2026-04-25T21:00:00Z,1.320174536366508,1.3326383195127003,1.358679,1.3083455
2026-04-25T22:00:00Z,1.3188024171739507,1.331877571777488,1.358679,1.3083455
2026-04-25T23:00:00Z,1.318401880024184,1.3312703239498354,1.358679,1.3083455
2026-04-26T00:00:00Z,1.3158681289076988,1.330279698482495,1.358679,1.305347
2026-04-26T01:00:00Z,1.3132307669282102,1.3292070577281074,1.358679,1.29935
2026-04-26T02:00:00Z,1.3116239298330523,1.3282598308820623,1.358679,1.29935
2026-04-26T03:00:00Z,1.3117075009812629,1.3275961643154475,1.358679,1.29935
2026-04-26T04:00:00Z,1.3117725007632044,1.326959586180123,1.358679,1.29935
2026-04-26T05:00:00Z,1.3129341672602701,1.3265530724584853,1.358679,1.29935
2026-04-26T06:00:00Z,1.3158376856468768,1.3265304980724246,1.358679,1.29935
2026-04-26T07:00:00Z,1.3158737555031264,1.3261006818245704,1.358679,1.29935
2026-04-26T08:00:00Z,1.3161240320579872,1.3257292254235673,1.3536765,1.29935
2026-04-26T09:00:00Z,1.3158742471562122,1.3252912978552585,1.3476735,1.29935
2026-04-26T10:00:00Z,1.3161244144548316,1.3249528775346355,1.3476735,1.29935
2026-04-26T11:00:00Z,1.3174301001315356,1.3248323519209768,1.3476735,1.29935
2026-04-26T12:00:00Z,1.3160011889911942,1.3242677661282838,1.3416705,1.29935
2026-04-26T13:00:00Z,1.3153342581042622,1.3238078573067211,1.3396694999999998,1.29935
2026-04-26T14:00:00Z,1.313926645192204,1.3232034549676712,1.3316655,1.29935
2026-04-26T15:00:00Z,1.3132762795939363,1.322705354764909,1.3276634999999999,1.29935
2026-04-26T16:00:00Z,1.3118815507952837,1.3220643198765452,1.3276634999999999,1.29935
2026-04-26T17:00:00Z,1.3105745395074428,1.321408633350972,1.3276634999999999,1.29935
2026-04-26T18:00:00Z,1.308891308505789,1.3206572605611364,1.3276634999999999,1.29935
2026-04-26T19:00:00Z,1.308471017726725,1.3200998213545592,1.3276634999999999,1.2983505
2026-04-26T20:00:00Z,1.308144124898564,1.3195651347686586,1.3276634999999999,1.2983505
2026-04-26T21:00:00Z,1.309667652698883,1.3193788027372848,1.3276634999999999,1.2983505
2026-04-26T22:00:00Z,1.3104081743213534,1.3191184434418854,1.3276634999999999,1.2983505
2026-04-26T23:00:00Z,1.3116508022499416,1.3189911600360942,1.3276634999999999,1.2983505
2026-04-27T00:00:00Z,1.3119506239721768,1.3187466228917637,1.3276634999999999,1.2983505
2026-04-27T01:00:00Z,1.3139615964228042,1.31883859746761,1.3276634999999999,1.2983505
2026-04-27T02:00:00Z,1.31397013055107,1.3186411036934218,1.3276634999999999,1.2983505
2026-04-27T03:00:00Z,1.3148656570952766,1.318614936195731,1.3276634999999999,1.2983505
2026-04-27T04:00:00Z,1.3164510666296596,1.318753102065293,1.3276634999999999,1.2983505
2026-04-27T05:00:00Z,1.317239718489735,1.3188039958585462,1.3276634999999999,1.2983505
2026-04-27T06:00:00Z,1.3140753366031273,1.3181589348030953,1.3276634999999999,1.295352
2026-04-27T07:00:00Z,1.3100585951357657,1.3172544884846016,1.3256625,1.2933530000000002
2026-04-27T08:00:00Z,1.308712240661151,1.316713488954618,1.3256625,1.2933530000000002
2026-04-27T09:00:00Z,1.308553964958673,1.3163578363442252,1.3256625,1.2933530000000002
2026-04-27T10:00:00Z,1.307986417190079,1.3159350675138488,1.3256625,1.2933530000000002
2026-04-27T11:00:00Z,1.3079894355922836,1.315611187207161,1.3256625,1.2933530000000002
2026-04-27T12:00:00Z,1.3064362276828874,1.3150148122191134,1.3256625,1.2933530000000002
2026-04-27T13:00:00Z,1.3061170659755792,1.3146060443734353,1.3256625,1.2933530000000002
2026-04-27T14:00:00Z,1.3052021624254504,1.3140915119500298,1.3256625,1.2933530000000002
2026-04-27T15:00:00Z,1.3038239041086837,1.3134755318704368,1.3256625,1.2883555
2026-04-27T16:00:00Z,1.302751925417865,1.3128846938349086,1.3256625,1.2883555
2026-04-27T17:00:00Z,1.301918164213895,1.3123179716375653,1.3256625,1.2883555
2026-04-27T18:00:00Z,1.3006030166108073,1.311651931978889,1.3256625,1.2873560000000002
2026-04-27T19:00:00Z,1.3002467906972945,1.3111355265919955,1.3256625,1.2873560000000002
2026-04-27T20:00:00Z,1.2997475038756736,1.3105993826494649,1.3256625,1.2873560000000002
2026-04-27T21:00:00Z,1.2982480585699683,1.309881040500507,1.3256625,1.2873560000000002
2026-04-27T22:00:00Z,1.2990818233321977,1.3095593653780373,1.3256625,1.2873560000000002
2026-04-27T23:00:00Z,1.300841418147265,1.309454901485056,1.3256625,1.2873560000000002
2026-04-28T00:00:00Z,1.3026544363367618,1.3094363340775026,1.3256625,1.2873560000000002
2026-04-28T01:00:00Z,1.3045090060397035,1.30950015717638,1.3256625,1.2873560000000002
2026-04-28T02:00:00Z,1.3059514491419915,1.3095613752508135,1.3256625,1.2873560000000002
2026-04-28T03:00:00Z,1.3070733493326598,1.3096200946283312,1.324662,1.2873560000000002
2026-04-28T04:00:00Z,1.3075014939254022,1.3095947846435012,1.324662,1.2873560000000002
2026-04-28T05:00:00Z,1.307167828608646,1.3094480587396848,1.324662,1.2873560000000002
2026-04-28T06:00:00Z,1.3064638666956137,1.3092256889952079,1.3166579999999999,1.2873560000000002
2026-04-28T07:00:00Z,1.3063607852076995,1.309094028219893,1.3166579999999999,1.2873560000000002
2026-04-28T08:00:00Z,1.3067250551615441,1.309049374006836,1.3166579999999999,1.2873560000000002
2026-04-28T09:00:00Z,1.30634170957009,1.3088840934351285,1.3166579999999999,1.2873560000000002
2026-04-28T10:00:00Z,1.3053768852211811,1.308603110029613,1.3166579999999999,1.2873560000000002
2026-04-28T11:00:00Z,1.3035153551720298,1.3081295137018736,1.3166579999999999,1.2873560000000002
2026-04-28T12:00:00Z,1.3022897206893567,1.3077160641630214,1.3166579999999999,1.2873560000000002
2026-04-28T13:00:00Z,1.2997808938694995,1.307033775829837,1.3166579999999999,1.2873560000000002
2026-04-28T14:00:00Z,1.2978295841207217,1.3063793360000475,1.3166579999999999,1.285357
2026-04-28T15:00:00Z,1.2980896765383392,1.3060781386122904,1.3166579999999999,1.285357
2026-04-28T16:00:00Z,1.296958637307597,1.3055443370362785,1.3166579999999999,1.285357
2026-04-28T17:00:00Z,1.2965233845725754,1.305113955932757,1.3166579999999999,1.285357
2026-04-28T18:00:00Z,1.295740410223114,1.304619508751828,1.3166579999999999,1.285357
2026-04-28T19:00:00Z,1.2966869857290888,1.3044309573742023,1.3166579999999999,1.285357
2026-04-28T20:00:00Z,1.2974232111226245,1.3042501019711736,1.3166579999999999,1.285357
2026-04-28T21:00:00Z,1.2968847197620412,1.3038725467886767,1.3166579999999999,1.285357
2026-04-28T22:00:00Z,1.2977992264815876,1.3037552999809756,1.3166579999999999,1.285357
2026-04-28T23:00:00Z,1.2989549539301237,1.3037244714103235,1.3166579999999999,1.285357
2026-04-29T00:00:00Z,1.2996316308345408,1.303654084822147,1.3166579999999999,1.285357
2026-04-29T01:00:00Z,1.3010468239824207,1.3037498364620594,1.3166579999999999,1.285357
2026-04-29T02:00:00Z,1.3028141964307718,1.303964128851363,1.3166579999999999,1.285357
2026-04-29T03:00:00Z,1.3046332638906002,1.304251307265593,1.3166579999999999,1.285357
2026-04-29T04:00:00Z,1.3069369830260222,1.304690029418018,1.318659,1.285357
2026-04-29T05:00:00Z,1.3089509867980174,1.3051516608703437,1.318659,1.285357
2026-04-29T06:00:00Z,1.3096285452873468,1.3054311849164522,1.3196595,1.285357
2026-04-29T07:00:00Z,1.3108222018901585,1.3058217487974133,1.322661,1.285357
2026-04-29T08:00:00Z,1.3135283792479011,1.306522901907723,1.330665,1.285357
2026-04-29T09:00:00Z,1.316077628303923,1.3072770691767954,1.330665,1.285357
2026-04-29T10:00:00Z,1.3187270442363845,1.3081229030879464,1.338669,1.285357
2026-04-29T11:00:00Z,1.3254543677394102,1.3097913560231322,1.3656825,1.285357
2026-04-29T12:00:00Z,1.328020063797319,1.3109019129201471,1.3656825,1.285357
2026-04-29T13:00:00Z,1.3275711607312481,1.3115181613723859,1.3656825,1.285357
2026-04-29T14:00:00Z,1.3261109027909708,1.311905175193921,1.3656825,1.2863565
2026-04-29T15:00:00Z,1.3231973688374217,1.3119498619206997,1.3656825,1.2863565
2026-04-29T16:00:00Z,1.32093128687355,1.3119927246994467,1.3656825,1.2863565
2026-04-29T17:00:00Z,1.3220576675683167,1.312564450221918,1.3656825,1.2863565
2026-04-29T18:00:00Z,1.3180448525531352,1.312214880825105,1.3656825,1.2913540000000001
2026-04-29T19:00:00Z,1.3135904408746608,1.3116346816077538,1.3656825,1.2923535
2026-04-29T20:00:00Z,1.3132370095691808,1.3116495925625393,1.3656825,1.2923535
2026-04-29T21:00:00Z,1.3149621185538074,1.312031241845701,1.3656825,1.2933530000000002
2026-04-29T22:00:00Z,1.315637203319628,1.3122748646275089,1.3656825,1.2933530000000002
2026-04-29T23:00:00Z,1.3168289359152663,1.3126309926018962,1.3656825,1.2933530000000002
2026-04-30T00:00:00Z,1.3195336168229848,1.313299115352839,1.3656825,1.2933530000000002
2026-04-30T01:00:00Z,1.3200817019734326,1.3136542535017028,1.3656825,1.2933530000000002
2026-04-30T02:00:00Z,1.3171746570904475,1.3133826513179596,1.3656825,1.2933530000000002
2026-04-30T03:00:00Z,1.3171358444036814,1.3135302982029406,1.3656825,1.2933530000000002
2026-04-30T04:00:00Z,1.3148834345361964,1.313263755419147,1.3656825,1.2933530000000002
2026-04-30T05:00:00Z,1.3131315601948192,1.3130080919326512,1.3656825,1.2933530000000002
2026-04-30T06:00:00Z,1.3122134357070818,1.3128444963435633,1.3656825,1.2933530000000002
2026-04-30T07:00:00Z,1.3128326722166193,1.3129324760846424,1.3656825,1.2933530000000002
2026-04-30T08:00:00Z,1.3135365228351483,1.313057681142412,1.3656825,1.2933530000000002
2026-04-30T09:00:00Z,1.3131950733162265,1.313014510483538,1.3656825,1.2933530000000002
2026-04-30T10:00:00Z,1.311596168134843,1.3127282039331893,1.3656825,1.2933530000000002
2026-04-30T11:00:00Z,1.3107970196604333,1.3125352160175487,1.356678,1.2933530000000002
2026-04-30T12:00:00Z,1.310619904180337,1.3124317378127508,1.338669,1.2933530000000002
2026-04-30T13:00:00Z,1.3113710365847067,1.3124957485142712,1.3336664999999999,1.2933530000000002
2026-04-30T14:00:00Z,1.313066361788105,1.3127612281667498,1.3336664999999999,1.2933530000000002
2026-04-30T15:00:00Z,1.3137182813907484,1.3128934229354536,1.3336664999999999,1.2933530000000002
2026-04-30T16:00:00Z,1.3142253299705822,1.3130202219993126,1.3336664999999999,1.2933530000000002
2026-04-30T17:00:00Z,1.3148419233104527,1.3131826619177078,1.3336664999999999,1.2933530000000002
2026-04-30T18:00:00Z,1.3150992736859077,1.3132976553088218,1.3336664999999999,1.2943525
2026-04-30T19:00:00Z,1.3157438795334837,1.3134895877451962,1.3336664999999999,1.2973510000000001
2026-04-30T20:00:00Z,1.316245239637154,1.313673686204576,1.3336664999999999,1.3003495
2026-04-30T21:00:00Z,1.3173018530511198,1.3139727194207156,1.3336664999999999,1.3003495
2026-04-30T22:00:00Z,1.3183458857064265,1.3143003635259924,1.3336664999999999,1.3003495
2026-04-30T23:00:00Z,1.3222690222161093,1.315186062973911,1.336668,1.3003495
2026-05-01T00:00:00Z,1.3284314617236406,1.316607039995384,1.354677,1.3003495
2026-05-01T01:00:00Z,1.3316689146739424,1.3176843036690418,1.354677,1.3003495
2026-05-01T02:00:00Z,1.333520266968622,1.318595148417244,1.354677,1.3003495
2026-05-01T03:00:00Z,1.3358490965311505,1.3196320811349076,1.354677,1.3003495
