timestamp,open,high,low,close,volume
2026-04-01T04:00:00Z,0.01025000,0.01025000,0.01008000,0.01010000,26727476.00000000
2026-04-01T05:00:00Z,0.01011000,0.01026000,0.01006000,0.01020000,25960639.00000000
2026-04-01T06:00:00Z,0.01019000,0.01030000,0.01016000,0.01020000,43828321.00000000
2026-04-01T07:00:00Z,0.01021000,0.01026000,0.01011000,0.01012000,34631227.00000000
2026-04-01T08:00:00Z,0.01011000,0.01017000,0.01001000,0.01012000,39638378.00000000
2026-04-01T09:00:00Z,0.01011000,0.01024000,0.01009000,0.01011000,34009519.00000000
2026-04-01T10:00:00Z,0.01012000,0.01020000,0.01010000,0.01016000,28555011.00000000
2026-04-01T11:00:00Z,0.01016000,0.01039000,0.01014000,0.01030000,40762789.00000000
2026-04-01T12:00:00Z,0.01030000,0.01033000,0.01010000,0.01013000,79034763.00000000
2026-04-01T13:00:00Z,0.01012000,0.01020000,0.01002000,0.01004000,82453294.00000000
2026-04-01T14:00:00Z,0.01004000,0.01014000,0.00994000,0.01007000,80517080.00000000
2026-04-01T15:00:00Z,0.01007000,0.01011000,0.00998000,0.01006000,59265043.00000000
2026-04-01T16:00:00Z,0.01007000,0.01037000,0.01001000,0.01031000,51324856.00000000
2026-04-01T17:00:00Z,0.01032000,0.01040000,0.01025000,0.01028000,45645297.00000000
2026-04-01T18:00:00Z,0.01028000,0.01036000,0.01024000,0.01028000,32204198.00000000
2026-04-01T19:00:00Z,0.01029000,0.01034000,0.01015000,0.01018000,37732671.00000000
2026-04-01T20:00:00Z,0.01019000,0.01022000,0.01008000,0.01017000,20992559.00000000
2026-04-01T21:00:00Z,0.01017000,0.01030000,0.01017000,0.01024000,22821426.00000000
2026-04-01T22:00:00Z,0.01024000,0.01024000,0.01008000,0.01008000,15651763.00000000
2026-04-01T23:00:00Z,0.01008000,0.01017000,0.01004000,0.01011000,17151966.00000000
2026-04-02T00:00:00Z,0.01012000,0.01012000,0.00998000,0.01009000,37049273.00000000
2026-04-02T01:00:00Z,0.01010000,0.01010000,0.00971000,0.00975000,107348692.00000000
2026-04-02T02:00:00Z,0.00975000,0.00976000,0.00952000,0.00958000,108534127.00000000
2026-04-02T03:00:00Z,0.00957000,0.00978000,0.00953000,0.00971000,156614935.00000000
2026-04-02T04:00:00Z,0.00970000,0.00975000,0.00948000,0.00951000,403643121.00000000
2026-04-02T05:00:00Z,0.00952000,0.00971000,0.00951000,0.00964000,497961089.00000000
2026-04-02T06:00:00Z,0.00965000,0.00966000,0.00934000,0.00942000,1170391647.00000000
2026-04-02T07:00:00Z,0.00943000,0.00955000,0.00931000,0.00953000,1983116205.00000000
2026-04-02T08:00:00Z,0.00953000,0.00953000,0.00917000,0.00922000,8471650866.00000000
2026-04-02T09:00:00Z,0.00921000,0.00924000,0.00905000,0.00912000,80034274.00000000
2026-04-02T10:00:00Z,0.00912000,0.00917000,0.00907000,0.00914000,34078942.00000000
2026-04-02T11:00:00Z,0.00914000,0.00928000,0.00914000,0.00918000,33812830.00000000
2026-04-02T12:00:00Z,0.00918000,0.00924000,0.00914000,0.00914000,27797674.00000000
2026-04-02T13:00:00Z,0.00914000,0.00917000,0.00899000,0.00916000,55303363.00000000
2026-04-02T14:00:00Z,0.00915000,0.00921000,0.00911000,0.00918000,33279725.00000000
2026-04-02T15:00:00Z,0.00917000,0.00919000,0.00885000,0.00890000,50139640.00000000
2026-04-02T16:00:00Z,0.00889000,0.00891000,0.00875000,0.00884000,65012469.00000000
2026-04-02T17:00:00Z,0.00885000,0.00893000,0.00875000,0.00879000,32815673.00000000
2026-04-02T18:00:00Z,0.00880000,0.00906000,0.00878000,0.00901000,26501817.00000000
2026-04-02T19:00:00Z,0.00902000,0.00909000,0.00902000,0.00906000,26030908.00000000
2026-04-02T20:00:00Z,0.00907000,0.00908000,0.00893000,0.00895000,19765071.00000000
2026-04-02T21:00:00Z,0.00895000,0.00895000,0.00878000,0.00880000,26137645.00000000
2026-04-02T22:00:00Z,0.00880000,0.00899000,0.00877000,0.00893000,27374913.00000000
2026-04-02T23:00:00Z,0.00893000,0.00904000,0.00892000,0.00902000,25217418.00000000
2026-04-03T00:00:00Z,0.00902000,0.00902000,0.00875000,0.00889000,27746727.00000000
2026-04-03T01:00:00Z,0.00890000,0.00913000,0.00884000,0.00913000,41101410.00000000
2026-04-03T02:00:00Z,0.00913000,0.00924000,0.00893000,0.00893000,63094265.00000000
2026-04-03T03:00:00Z,0.00894000,0.00925000,0.00894000,0.00920000,28564651.00000000
2026-04-03T04:00:00Z,0.00919000,0.00923000,0.00905000,0.00907000,19683184.00000000
2026-04-03T05:00:00Z,0.00907000,0.00918000,0.00904000,0.00916000,17933817.00000000
2026-04-03T06:00:00Z,0.00916000,0.00921000,0.00908000,0.00917000,16971496.00000000
2026-04-03T07:00:00Z,0.00918000,0.00922000,0.00897000,0.00899000,19768505.00000000
2026-04-03T08:00:00Z,0.00899000,0.00908000,0.00897000,0.00902000,16119993.00000000
2026-04-03T09:00:00Z,0.00901000,0.00927000,0.00900000,0.00914000,27324773.00000000
2026-04-03T10:00:00Z,0.00914000,0.00920000,0.00906000,0.00910000,12211009.00000000
2026-04-03T11:00:00Z,0.00910000,0.00913000,0.00890000,0.00894000,33036641.00000000
2026-04-03T12:00:00Z,0.00894000,0.00944000,0.00893000,0.00916000,84160470.00000000
2026-04-03T13:00:00Z,0.00917000,0.00917000,0.00898000,0.00901000,24488479.00000000
2026-04-03T14:00:00Z,0.00901000,0.00912000,0.00899000,0.00902000,19587525.00000000
2026-04-03T15:00:00Z,0.00902000,0.00913000,0.00898000,0.00907000,20925504.00000000
2026-04-03T16:00:00Z,0.00907000,0.00907000,0.00893000,0.00901000,15858984.00000000
2026-04-03T17:00:00Z,0.00902000,0.00908000,0.00895000,0.00898000,16460181.00000000
2026-04-03T18:00:00Z,0.00898000,0.00900000,0.00892000,0.00894000,12209985.00000000
2026-04-03T19:00:00Z,0.00894000,0.00894000,0.00875000,0.00884000,16231095.00000000
2026-04-03T20:00:00Z,0.00884000,0.00885000,0.00869000,0.00879000,10979213.00000000
2026-04-03T21:00:00Z,0.00880000,0.00892000,0.00874000,0.00889000,17323098.00000000
2026-04-03T22:00:00Z,0.00889000,0.00892000,0.00879000,0.00883000,9048233.00000000
2026-04-03T23:00:00Z,0.00883000,0.00891000,0.00881000,0.00891000,10601656.00000000
2026-04-04T00:00:00Z,0.00890000,0.00955000,0.00876000,0.00910000,99748192.00000000
2026-04-04T01:00:00Z,0.00911000,0.00915000,0.00903000,0.00903000,15741609.00000000
2026-04-04T02:00:00Z,0.00904000,0.00926000,0.00902000,0.00925000,24317290.00000000
2026-04-04T03:00:00Z,0.00924000,0.00926000,0.00910000,0.00921000,16455752.00000000
2026-04-04T04:00:00Z,0.00922000,0.00923000,0.00907000,0.00910000,9612732.00000000
2026-04-04T05:00:00Z,0.00911000,0.00918000,0.00906000,0.00908000,8620141.00000000
2026-04-04T06:00:00Z,0.00909000,0.00914000,0.00904000,0.00913000,7477359.00000000
2026-04-04T07:00:00Z,0.00913000,0.00923000,0.00912000,0.00915000,8365915.00000000
2026-04-04T08:00:00Z,0.00915000,0.00918000,0.00903000,0.00907000,10534475.00000000
2026-04-04T09:00:00Z,0.00907000,0.00911000,0.00899000,0.00899000,19909376.00000000
2026-04-04T10:00:00Z,0.00900000,0.00905000,0.00893000,0.00903000,18871875.00000000
2026-04-04T11:00:00Z,0.00904000,0.00910000,0.00899000,0.00909000,9804542.00000000
2026-04-04T12:00:00Z,0.00909000,0.00910000,0.00903000,0.00906000,4998433.00000000
2026-04-04T13:00:00Z,0.00906000,0.00918000,0.00904000,0.00909000,10092157.00000000
2026-04-04T14:00:00Z,0.00910000,0.00921000,0.00906000,0.00918000,11846699.00000000
2026-04-04T15:00:00Z,0.00918000,0.00919000,0.00894000,0.00902000,20027035.00000000
2026-04-04T16:00:00Z,0.00902000,0.00903000,0.00895000,0.00896000,11650386.00000000
2026-04-04T17:00:00Z,0.00896000,0.00908000,0.00896000,0.00900000,13142361.00000000
2026-04-04T18:00:00Z,0.00899000,0.00905000,0.00897000,0.00899000,11868415.00000000
2026-04-04T19:00:00Z,0.00900000,0.00905000,0.00899000,0.00902000,5697183.00000000
2026-04-04T20:00:00Z,0.00902000,0.00909000,0.00900000,0.00905000,7559040.00000000
2026-04-04T21:00:00Z,0.00905000,0.00915000,0.00904000,0.00908000,8226048.00000000
2026-04-04T22:00:00Z,0.00908000,0.00917000,0.00906000,0.00916000,12962026.00000000
2026-04-04T23:00:00Z,0.00916000,0.00926000,0.00914000,0.00916000,14338508.00000000
2026-04-05T00:00:00Z,0.00915000,0.00915000,0.00902000,0.00910000,20686738.00000000
2026-04-05T01:00:00Z,0.00911000,0.00911000,0.00898000,0.00901000,8337288.00000000
2026-04-05T02:00:00Z,0.00901000,0.00904000,0.00894000,0.00898000,10042616.00000000
2026-04-05T03:00:00Z,0.00898000,0.00903000,0.00895000,0.00898000,7438661.00000000
2026-04-05T04:00:00Z,0.00898000,0.00901000,0.00895000,0.00898000,6437622.00000000
2026-04-05T05:00:00Z,0.00898000,0.00903000,0.00886000,0.00888000,11441316.00000000
2026-04-05T06:00:00Z,0.00887000,0.00888000,0.00875000,0.00875000,16296225.00000000
2026-04-05T07:00:00Z,0.00875000,0.00882000,0.00872000,0.00874000,12496663.00000000
2026-04-05T08:00:00Z,0.00874000,0.00879000,0.00871000,0.00874000,9597076.00000000
2026-04-05T09:00:00Z,0.00875000,0.00885000,0.00874000,0.00881000,14540204.00000000
2026-04-05T10:00:00Z,0.00882000,0.00883000,0.00871000,0.00874000,9731618.00000000
2026-04-05T11:00:00Z,0.00874000,0.00881000,0.00872000,0.00879000,10645538.00000000
2026-04-05T12:00:00Z,0.00879000,0.00880000,0.00846000,0.00848000,37019293.00000000
2026-04-05T13:00:00Z,0.00848000,0.00851000,0.00845000,0.00850000,17444523.00000000
2026-04-05T14:00:00Z,0.00849000,0.00861000,0.00849000,0.00854000,11991118.00000000
2026-04-05T15:00:00Z,0.00854000,0.00858000,0.00842000,0.00853000,20531301.00000000
2026-04-05T16:00:00Z,0.00854000,0.00854000,0.00842000,0.00843000,10600708.00000000
2026-04-05T17:00:00Z,0.00843000,0.00849000,0.00841000,0.00845000,9727813.00000000
2026-04-05T18:00:00Z,0.00845000,0.00851000,0.00843000,0.00849000,9654291.00000000
2026-04-05T19:00:00Z,0.00849000,0.00851000,0.00839000,0.00848000,9516687.00000000
2026-04-05T20:00:00Z,0.00848000,0.00855000,0.00847000,0.00855000,6662432.00000000
2026-04-05T21:00:00Z,0.00855000,0.00857000,0.00850000,0.00853000,10780049.00000000
2026-04-05T22:00:00Z,0.00853000,0.00867000,0.00849000,0.00866000,12485485.00000000
2026-04-05T23:00:00Z,0.00866000,0.00873000,0.00862000,0.00872000,11685879.00000000
2026-04-06T00:00:00Z,0.00872000,0.00876000,0.00860000,0.00860000,20743427.00000000
2026-04-06T01:00:00Z,0.00861000,0.00862000,0.00853000,0.00854000,10153112.00000000
2026-04-06T02:00:00Z,0.00854000,0.00864000,0.00852000,0.00860000,11351877.00000000
2026-04-06T03:00:00Z,0.00861000,0.00865000,0.00856000,0.00858000,6107544.00000000
2026-04-06T04:00:00Z,0.00858000,0.00862000,0.00853000,0.00854000,7623412.00000000
2026-04-06T05:00:00Z,0.00854000,0.00856000,0.00851000,0.00853000,5591946.00000000
2026-04-06T06:00:00Z,0.00854000,0.00855000,0.00847000,0.00849000,8823813.00000000
2026-04-06T07:00:00Z,0.00849000,0.00855000,0.00847000,0.00855000,11202574.00000000
2026-04-06T08:00:00Z,0.00855000,0.00858000,0.00848000,0.00849000,14606939.00000000
2026-04-06T09:00:00Z,0.00849000,0.00854000,0.00847000,0.00852000,10068469.00000000
2026-04-06T10:00:00Z,0.00852000,0.00863000,0.00852000,0.00861000,18296092.00000000
2026-04-06T11:00:00Z,0.00861000,0.00864000,0.00858000,0.00858000,13861453.00000000
2026-04-06T12:00:00Z,0.00859000,0.00861000,0.00855000,0.00861000,14650720.00000000
2026-04-06T13:00:00Z,0.00860000,0.00861000,0.00848000,0.00855000,18683922.00000000
2026-04-06T14:00:00Z,0.00856000,0.00860000,0.00849000,0.00858000,16727974.00000000
2026-04-06T15:00:00Z,0.00859000,0.00876000,0.00858000,0.00874000,14879904.00000000
2026-04-06T16:00:00Z,0.00874000,0.00883000,0.00864000,0.00867000,25291537.00000000
2026-04-06T17:00:00Z,0.00867000,0.00881000,0.00859000,0.00876000,16426023.00000000
2026-04-06T18:00:00Z,0.00877000,0.00882000,0.00875000,0.00878000,12781331.00000000
2026-04-06T19:00:00Z,0.00878000,0.00880000,0.00856000,0.00859000,19840421.00000000
2026-04-06T20:00:00Z,0.00860000,0.00865000,0.00858000,0.00858000,5027723.00000000
2026-04-06T21:00:00Z,0.00859000,0.00859000,0.00850000,0.00859000,13011921.00000000
2026-04-06T22:00:00Z,0.00858000,0.00860000,0.00853000,0.00853000,7672524.00000000
2026-04-06T23:00:00Z,0.00852000,0.00859000,0.00844000,0.00859000,13885486.00000000
2026-04-07T00:00:00Z,0.00860000,0.00864000,0.00847000,0.00864000,20244194.00000000
2026-04-07T01:00:00Z,0.00863000,0.00880000,0.00860000,0.00875000,40020996.00000000
2026-04-07T02:00:00Z,0.00875000,0.00904000,0.00870000,0.00902000,63885680.00000000
2026-04-07T03:00:00Z,0.00902000,0.00904000,0.00881000,0.00884000,30477301.00000000
2026-04-07T04:00:00Z,0.00884000,0.00906000,0.00881000,0.00900000,21877799.00000000
2026-04-07T05:00:00Z,0.00901000,0.00946000,0.00897000,0.00929000,112862671.00000000
2026-04-07T06:00:00Z,0.00929000,0.00972000,0.00898000,0.00908000,142299447.00000000
2026-04-07T07:00:00Z,0.00908000,0.00908000,0.00886000,0.00887000,41904897.00000000
2026-04-07T08:00:00Z,0.00887000,0.00890000,0.00875000,0.00884000,31095826.00000000
2026-04-07T09:00:00Z,0.00884000,0.00891000,0.00876000,0.00886000,18315576.00000000
2026-04-07T10:00:00Z,0.00887000,0.00890000,0.00866000,0.00873000,26537534.00000000
2026-04-07T11:00:00Z,0.00873000,0.00874000,0.00861000,0.00866000,19876009.00000000
2026-04-07T12:00:00Z,0.00866000,0.00878000,0.00860000,0.00863000,26510622.00000000
2026-04-07T13:00:00Z,0.00863000,0.00872000,0.00862000,0.00868000,15700852.00000000
2026-04-07T14:00:00Z,0.00870000,0.00870000,0.00851000,0.00853000,27912331.00000000
2026-04-07T15:00:00Z,0.00852000,0.00861000,0.00847000,0.00852000,17187459.00000000
2026-04-07T16:00:00Z,0.00851000,0.00858000,0.00849000,0.00855000,12046439.00000000
2026-04-07T17:00:00Z,0.00856000,0.00859000,0.00846000,0.00857000,10884716.00000000
2026-04-07T18:00:00Z,0.00856000,0.00864000,0.00855000,0.00859000,7141258.00000000
2026-04-07T19:00:00Z,0.00859000,0.00864000,0.00856000,0.00863000,8985731.00000000
2026-04-07T20:00:00Z,0.00864000,0.00877000,0.00864000,0.00874000,16294061.00000000
2026-04-07T21:00:00Z,0.00875000,0.00886000,0.00874000,0.00886000,28162028.00000000
2026-04-07T22:00:00Z,0.00887000,0.00898000,0.00881000,0.00896000,21816102.00000000
2026-04-07T23:00:00Z,0.00897000,0.00903000,0.00893000,0.00898000,16974830.00000000
2026-04-08T00:00:00Z,0.00898000,0.00898000,0.00886000,0.00891000,22658758.00000000
2026-04-08T01:00:00Z,0.00891000,0.00906000,0.00889000,0.00902000,19819448.00000000
2026-04-08T02:00:00Z,0.00902000,0.00904000,0.00892000,0.00892000,14046771.00000000
2026-04-08T03:00:00Z,0.00892000,0.00898000,0.00889000,0.00895000,6432094.00000000
2026-04-08T04:00:00Z,0.00895000,0.00899000,0.00889000,0.00889000,10052201.00000000
2026-04-08T05:00:00Z,0.00890000,0.00894000,0.00883000,0.00893000,13915491.00000000
2026-04-08T06:00:00Z,0.00893000,0.00894000,0.00884000,0.00884000,12134189.00000000
2026-04-08T07:00:00Z,0.00885000,0.00885000,0.00876000,0.00880000,15864931.00000000
2026-04-08T08:00:00Z,0.00879000,0.00882000,0.00868000,0.00875000,12338049.00000000
2026-04-08T09:00:00Z,0.00875000,0.00894000,0.00873000,0.00887000,25163961.00000000
2026-04-08T10:00:00Z,0.00887000,0.00888000,0.00876000,0.00883000,14977885.00000000
2026-04-08T11:00:00Z,0.00883000,0.00892000,0.00877000,0.00881000,11081491.00000000
2026-04-08T12:00:00Z,0.00880000,0.00884000,0.00868000,0.00873000,15019366.00000000
2026-04-08T13:00:00Z,0.00873000,0.00889000,0.00873000,0.00886000,17481491.00000000
2026-04-08T14:00:00Z,0.00887000,0.00893000,0.00875000,0.00880000,22401086.00000000
2026-04-08T15:00:00Z,0.00881000,0.00894000,0.00877000,0.00888000,20426099.00000000
2026-04-08T16:00:00Z,0.00888000,0.00896000,0.00887000,0.00894000,9888853.00000000
2026-04-08T17:00:00Z,0.00895000,0.00900000,0.00884000,0.00888000,19674603.00000000
2026-04-08T18:00:00Z,0.00888000,0.00890000,0.00877000,0.00879000,10945917.00000000
2026-04-08T19:00:00Z,0.00879000,0.00886000,0.00876000,0.00886000,5398171.00000000
2026-04-08T20:00:00Z,0.00887000,0.00889000,0.00882000,0.00885000,2513586.00000000
2026-04-08T21:00:00Z,0.00885000,0.00900000,0.00885000,0.00892000,13533097.00000000
2026-04-08T22:00:00Z,0.00892000,0.00895000,0.00886000,0.00888000,6787698.00000000
2026-04-08T23:00:00Z,0.00887000,0.00887000,0.00872000,0.00874000,13245846.00000000
2026-04-09T00:00:00Z,0.00874000,0.00883000,0.00866000,0.00880000,14963146.00000000
2026-04-09T01:00:00Z,0.00881000,0.00884000,0.00860000,0.00871000,14236495.00000000
2026-04-09T02:00:00Z,0.00871000,0.00878000,0.00871000,0.00876000,4417474.00000000
2026-04-09T03:00:00Z,0.00877000,0.00884000,0.00875000,0.00878000,10905394.00000000
2026-04-09T04:00:00Z,0.00877000,0.00886000,0.00873000,0.00875000,10047358.00000000
2026-04-09T05:00:00Z,0.00874000,0.00880000,0.00871000,0.00871000,10021459.00000000
2026-04-09T06:00:00Z,0.00870000,0.00878000,0.00868000,0.00871000,11124327.00000000
2026-04-09T07:00:00Z,0.00872000,0.00879000,0.00871000,0.00873000,5249439.00000000
2026-04-09T08:00:00Z,0.00873000,0.00878000,0.00869000,0.00870000,13084834.00000000
2026-04-09T09:00:00Z,0.00870000,0.00870000,0.00860000,0.00861000,10721400.00000000
2026-04-09T10:00:00Z,0.00861000,0.00865000,0.00857000,0.00857000,8790223.00000000
2026-04-09T11:00:00Z,0.00857000,0.00859000,0.00847000,0.00850000,21368387.00000000
2026-04-09T12:00:00Z,0.00850000,0.00851000,0.00841000,0.00844000,15509860.00000000
2026-04-09T13:00:00Z,0.00845000,0.00852000,0.00843000,0.00847000,17254825.00000000
2026-04-09T14:00:00Z,0.00847000,0.00853000,0.00844000,0.00852000,5941739.00000000
2026-04-09T15:00:00Z,0.00852000,0.00861000,0.00851000,0.00856000,13141600.00000000
2026-04-09T16:00:00Z,0.00857000,0.00862000,0.00854000,0.00857000,8703275.00000000
2026-04-09T17:00:00Z,0.00858000,0.00861000,0.00852000,0.00861000,7815509.00000000
2026-04-09T18:00:00Z,0.00861000,0.00861000,0.00855000,0.00858000,4150727.00000000
2026-04-09T19:00:00Z,0.00858000,0.00876000,0.00858000,0.00873000,12420506.00000000
2026-04-09T20:00:00Z,0.00873000,0.00876000,0.00865000,0.00865000,13357944.00000000
2026-04-09T21:00:00Z,0.00865000,0.00869000,0.00864000,0.00866000,9115734.00000000
2026-04-09T22:00:00Z,0.00866000,0.00876000,0.00865000,0.00866000,8548308.00000000
2026-04-09T23:00:00Z,0.00866000,0.00866000,0.00855000,0.00856000,10429336.00000000
2026-04-10T00:00:00Z,0.00857000,0.00862000,0.00853000,0.00862000,8302934.00000000
2026-04-10T01:00:00Z,0.00862000,0.00865000,0.00858000,0.00860000,3996970.00000000
2026-04-10T02:00:00Z,0.00860000,0.00870000,0.00860000,0.00865000,4829304.00000000
2026-04-10T03:00:00Z,0.00864000,0.00869000,0.00861000,0.00866000,7754271.00000000
2026-04-10T04:00:00Z,0.00866000,0.00876000,0.00862000,0.00873000,11131276.00000000
2026-04-10T05:00:00Z,0.00873000,0.00877000,0.00867000,0.00871000,5527758.00000000
2026-04-10T06:00:00Z,0.00871000,0.00875000,0.00861000,0.00862000,5305457.00000000
2026-04-10T07:00:00Z,0.00863000,0.00865000,0.00856000,0.00857000,7061032.00000000
2026-04-10T08:00:00Z,0.00857000,0.00873000,0.00854000,0.00868000,11955654.00000000
2026-04-10T09:00:00Z,0.00868000,0.00875000,0.00864000,0.00866000,10842831.00000000
2026-04-10T10:00:00Z,0.00866000,0.00868000,0.00856000,0.00860000,13146825.00000000
2026-04-10T11:00:00Z,0.00860000,0.00866000,0.00857000,0.00859000,8327959.00000000
2026-04-10T12:00:00Z,0.00860000,0.00868000,0.00859000,0.00860000,9178957.00000000
2026-04-10T13:00:00Z,0.00860000,0.00864000,0.00853000,0.00854000,12170150.00000000
2026-04-10T14:00:00Z,0.00854000,0.00860000,0.00846000,0.00859000,12680871.00000000
2026-04-10T15:00:00Z,0.00860000,0.00866000,0.00852000,0.00854000,6019870.00000000
2026-04-10T16:00:00Z,0.00855000,0.00862000,0.00854000,0.00859000,6379527.00000000
2026-04-10T17:00:00Z,0.00859000,0.00859000,0.00853000,0.00858000,4359320.00000000
2026-04-10T18:00:00Z,0.00858000,0.00864000,0.00857000,0.00863000,6987689.00000000
2026-04-10T19:00:00Z,0.00863000,0.00868000,0.00856000,0.00858000,12725893.00000000
2026-04-10T20:00:00Z,0.00858000,0.00860000,0.00855000,0.00859000,6332242.00000000
2026-04-10T21:00:00Z,0.00859000,0.00859000,0.00854000,0.00859000,8197671.00000000
2026-04-10T22:00:00Z,0.00858000,0.00863000,0.00858000,0.00862000,4974471.00000000
2026-04-10T23:00:00Z,0.00862000,0.00863000,0.00859000,0.00860000,4366452.00000000
2026-04-11T00:00:00Z,0.00860000,0.00863000,0.00851000,0.00853000,14419902.00000000
2026-04-11T01:00:00Z,0.00853000,0.00853000,0.00843000,0.00849000,10800226.00000000
2026-04-11T02:00:00Z,0.00848000,0.00851000,0.00842000,0.00850000,8590988.00000000
2026-04-11T03:00:00Z,0.00850000,0.00852000,0.00846000,0.00846000,2661210.00000000
2026-04-11T04:00:00Z,0.00846000,0.00859000,0.00844000,0.00854000,10360682.00000000
2026-04-11T05:00:00Z,0.00854000,0.00855000,0.00848000,0.00848000,6046016.00000000
2026-04-11T06:00:00Z,0.00848000,0.00851000,0.00844000,0.00850000,4898348.00000000
2026-04-11T07:00:00Z,0.00849000,0.00852000,0.00848000,0.00849000,3823732.00000000
2026-04-11T08:00:00Z,0.00848000,0.00848000,0.00845000,0.00845000,4212191.00000000
2026-04-11T09:00:00Z,0.00845000,0.00849000,0.00839000,0.00847000,5305372.00000000
2026-04-11T10:00:00Z,0.00846000,0.00847000,0.00842000,0.00843000,4690884.00000000
2026-04-11T11:00:00Z,0.00844000,0.00851000,0.00842000,0.00850000,7612418.00000000
2026-04-11T12:00:00Z,0.00850000,0.00854000,0.00845000,0.00850000,9877895.00000000
2026-04-11T13:00:00Z,0.00851000,0.00851000,0.00842000,0.00845000,4730584.00000000
2026-04-11T14:00:00Z,0.00845000,0.00848000,0.00842000,0.00843000,7950200.00000000
2026-04-11T15:00:00Z,0.00844000,0.00848000,0.00843000,0.00844000,9258949.00000000
2026-04-11T16:00:00Z,0.00844000,0.00852000,0.00843000,0.00850000,11850830.00000000
2026-04-11T17:00:00Z,0.00849000,0.00852000,0.00846000,0.00846000,4899467.00000000
2026-04-11T18:00:00Z,0.00846000,0.00855000,0.00844000,0.00850000,15407869.00000000
2026-04-11T19:00:00Z,0.00850000,0.00855000,0.00847000,0.00854000,5409465.00000000
2026-04-11T20:00:00Z,0.00855000,0.00860000,0.00850000,0.00855000,9142413.00000000
2026-04-11T21:00:00Z,0.00855000,0.00858000,0.00852000,0.00856000,3839468.00000000
2026-04-11T22:00:00Z,0.00856000,0.00859000,0.00848000,0.00849000,7593927.00000000
2026-04-11T23:00:00Z,0.00849000,0.00851000,0.00845000,0.00849000,3845775.00000000
2026-04-12T00:00:00Z,0.00849000,0.00850000,0.00846000,0.00847000,4252434.00000000
2026-04-12T01:00:00Z,0.00847000,0.00851000,0.00812000,0.00814000,28450668.00000000
2026-04-12T02:00:00Z,0.00814000,0.00824000,0.00809000,0.00822000,11032664.00000000
2026-04-12T03:00:00Z,0.00822000,0.00825000,0.00819000,0.00819000,5930221.00000000
2026-04-12T04:00:00Z,0.00819000,0.00823000,0.00813000,0.00818000,7903876.00000000
2026-04-12T05:00:00Z,0.00818000,0.00823000,0.00818000,0.00821000,3809274.00000000
2026-04-12T06:00:00Z,0.00821000,0.00823000,0.00816000,0.00816000,2321931.00000000
2026-04-12T07:00:00Z,0.00816000,0.00819000,0.00811000,0.00813000,5886181.00000000
2026-04-12T08:00:00Z,0.00814000,0.00818000,0.00812000,0.00816000,3051125.00000000
2026-04-12T09:00:00Z,0.00816000,0.00818000,0.00814000,0.00814000,2917158.00000000
2026-04-12T10:00:00Z,0.00815000,0.00815000,0.00801000,0.00801000,12751084.00000000
2026-04-12T11:00:00Z,0.00801000,0.00805000,0.00793000,0.00805000,16523155.00000000
2026-04-12T12:00:00Z,0.00806000,0.00806000,0.00800000,0.00802000,5436006.00000000
2026-04-12T13:00:00Z,0.00802000,0.00804000,0.00792000,0.00797000,6330017.00000000
2026-04-12T14:00:00Z,0.00797000,0.00800000,0.00777000,0.00779000,27190557.00000000
2026-04-12T15:00:00Z,0.00780000,0.00784000,0.00771000,0.00784000,12829320.00000000
2026-04-12T16:00:00Z,0.00784000,0.00795000,0.00783000,0.00791000,14535507.00000000
2026-04-12T17:00:00Z,0.00791000,0.00800000,0.00791000,0.00800000,6545065.00000000
2026-04-12T18:00:00Z,0.00800000,0.00804000,0.00795000,0.00795000,5886432.00000000
2026-04-12T19:00:00Z,0.00795000,0.00799000,0.00786000,0.00787000,4360342.00000000
2026-04-12T20:00:00Z,0.00786000,0.00787000,0.00783000,0.00787000,3107465.00000000
2026-04-12T21:00:00Z,0.00788000,0.00788000,0.00782000,0.00784000,3221953.00000000
2026-04-12T22:00:00Z,0.00785000,0.00793000,0.00777000,0.00792000,5513410.00000000
2026-04-12T23:00:00Z,0.00791000,0.00792000,0.00788000,0.00788000,4174043.00000000
2026-04-13T00:00:00Z,0.00788000,0.00800000,0.00784000,0.00796000,4334334.00000000
2026-04-13T01:00:00Z,0.00797000,0.00802000,0.00796000,0.00802000,3729232.00000000
2026-04-13T02:00:00Z,0.00801000,0.00801000,0.00789000,0.00790000,3460711.00000000
2026-04-13T03:00:00Z,0.00790000,0.00796000,0.00787000,0.00796000,4844866.00000000
2026-04-13T04:00:00Z,0.00796000,0.00798000,0.00787000,0.00788000,5040745.00000000
2026-04-13T05:00:00Z,0.00788000,0.00788000,0.00784000,0.00787000,1627469.00000000
2026-04-13T06:00:00Z,0.00788000,0.00800000,0.00788000,0.00795000,4825934.00000000
2026-04-13T07:00:00Z,0.00795000,0.00798000,0.00790000,0.00793000,6430159.00000000
2026-04-13T08:00:00Z,0.00793000,0.00798000,0.00789000,0.00795000,6377536.00000000
2026-04-13T09:00:00Z,0.00795000,0.00807000,0.00789000,0.00804000,5140667.00000000
2026-04-13T10:00:00Z,0.00804000,0.00820000,0.00801000,0.00818000,15460331.00000000
2026-04-13T11:00:00Z,0.00819000,0.00833000,0.00816000,0.00816000,27484372.00000000
2026-04-13T12:00:00Z,0.00816000,0.00818000,0.00805000,0.00810000,4668068.00000000
2026-04-13T13:00:00Z,0.00810000,0.00813000,0.00800000,0.00805000,6838840.00000000
2026-04-13T14:00:00Z,0.00805000,0.00813000,0.00802000,0.00810000,4702928.00000000
2026-04-13T15:00:00Z,0.00811000,0.00813000,0.00802000,0.00807000,4347086.00000000
2026-04-13T16:00:00Z,0.00807000,0.00814000,0.00807000,0.00810000,4741596.00000000
2026-04-13T17:00:00Z,0.00810000,0.00811000,0.00804000,0.00805000,6292126.00000000
2026-04-13T18:00:00Z,0.00805000,0.00806000,0.00800000,0.00805000,6154002.00000000
2026-04-13T19:00:00Z,0.00805000,0.00819000,0.00804000,0.00819000,4363023.00000000
2026-04-13T20:00:00Z,0.00819000,0.00823000,0.00811000,0.00813000,5297838.00000000
2026-04-13T21:00:00Z,0.00812000,0.00814000,0.00810000,0.00812000,6690389.00000000
2026-04-13T22:00:00Z,0.00812000,0.00825000,0.00811000,0.00822000,11683801.00000000
2026-04-13T23:00:00Z,0.00822000,0.00831000,0.00816000,0.00829000,5652599.00000000
2026-04-14T00:00:00Z,0.00829000,0.00832000,0.00820000,0.00822000,17921326.00000000
2026-04-14T01:00:00Z,0.00822000,0.00826000,0.00821000,0.00823000,1971077.00000000
2026-04-14T02:00:00Z,0.00823000,0.00826000,0.00819000,0.00822000,10225471.00000000
2026-04-14T03:00:00Z,0.00821000,0.00822000,0.00811000,0.00812000,11532940.00000000
2026-04-14T04:00:00Z,0.00812000,0.00815000,0.00810000,0.00810000,13240427.00000000
2026-04-14T05:00:00Z,0.00811000,0.00815000,0.00802000,0.00804000,19798971.00000000
2026-04-14T06:00:00Z,0.00804000,0.00810000,0.00799000,0.00809000,7980585.00000000
2026-04-14T07:00:00Z,0.00808000,0.00808000,0.00801000,0.00804000,6613306.00000000
2026-04-14T08:00:00Z,0.00803000,0.00814000,0.00803000,0.00806000,19293868.00000000
2026-04-14T09:00:00Z,0.00806000,0.00808000,0.00799000,0.00800000,7875349.00000000
2026-04-14T10:00:00Z,0.00800000,0.00810000,0.00794000,0.00805000,9613991.00000000
2026-04-14T11:00:00Z,0.00804000,0.00806000,0.00801000,0.00806000,3693564.00000000
2026-04-14T12:00:00Z,0.00805000,0.00815000,0.00805000,0.00814000,5181679.00000000
2026-04-14T13:00:00Z,0.00813000,0.00815000,0.00803000,0.00811000,10204688.00000000
2026-04-14T14:00:00Z,0.00812000,0.00812000,0.00804000,0.00806000,4518867.00000000
2026-04-14T15:00:00Z,0.00805000,0.00815000,0.00805000,0.00812000,8513390.00000000
2026-04-14T16:00:00Z,0.00812000,0.00815000,0.00801000,0.00801000,5127622.00000000
2026-04-14T17:00:00Z,0.00802000,0.00803000,0.00797000,0.00801000,6440095.00000000
2026-04-14T18:00:00Z,0.00802000,0.00803000,0.00789000,0.00792000,11565683.00000000
2026-04-14T19:00:00Z,0.00793000,0.00794000,0.00787000,0.00793000,5053150.00000000
2026-04-14T20:00:00Z,0.00793000,0.00795000,0.00788000,0.00792000,5558604.00000000
2026-04-14T21:00:00Z,0.00792000,0.00804000,0.00792000,0.00801000,2507732.00000000
2026-04-14T22:00:00Z,0.00801000,0.00809000,0.00801000,0.00805000,2878473.00000000
2026-04-14T23:00:00Z,0.00804000,0.00808000,0.00800000,0.00800000,3858326.00000000
2026-04-15T00:00:00Z,0.00800000,0.00800000,0.00792000,0.00792000,3956690.00000000
2026-04-15T01:00:00Z,0.00792000,0.00797000,0.00790000,0.00793000,3262977.00000000
2026-04-15T02:00:00Z,0.00793000,0.00795000,0.00790000,0.00792000,3301376.00000000
2026-04-15T03:00:00Z,0.00791000,0.00803000,0.00791000,0.00803000,3297676.00000000
2026-04-15T04:00:00Z,0.00803000,0.00803000,0.00798000,0.00802000,4178452.00000000
2026-04-15T05:00:00Z,0.00803000,0.00803000,0.00793000,0.00795000,3495721.00000000
2026-04-15T06:00:00Z,0.00796000,0.00797000,0.00789000,0.00793000,6719064.00000000
2026-04-15T07:00:00Z,0.00793000,0.00802000,0.00792000,0.00793000,6785646.00000000
2026-04-15T08:00:00Z,0.00794000,0.00798000,0.00793000,0.00795000,1457568.00000000
2026-04-15T09:00:00Z,0.00796000,0.00808000,0.00794000,0.00808000,6970638.00000000
2026-04-15T10:00:00Z,0.00808000,0.00817000,0.00803000,0.00803000,8236253.00000000
2026-04-15T11:00:00Z,0.00803000,0.00812000,0.00803000,0.00807000,7937598.00000000
2026-04-15T12:00:00Z,0.00808000,0.00808000,0.00802000,0.00803000,1593990.00000000
2026-04-15T13:00:00Z,0.00804000,0.00805000,0.00798000,0.00800000,2620061.00000000
2026-04-15T14:00:00Z,0.00800000,0.00807000,0.00796000,0.00807000,5934371.00000000
2026-04-15T15:00:00Z,0.00806000,0.00808000,0.00798000,0.00804000,9381428.00000000
2026-04-15T16:00:00Z,0.00804000,0.00814000,0.00804000,0.00810000,4830642.00000000
2026-04-15T17:00:00Z,0.00811000,0.00812000,0.00806000,0.00812000,4036194.00000000
2026-04-15T18:00:00Z,0.00811000,0.00817000,0.00807000,0.00816000,6041327.00000000
2026-04-15T19:00:00Z,0.00816000,0.00817000,0.00810000,0.00812000,4106585.00000000
2026-04-15T20:00:00Z,0.00812000,0.00815000,0.00811000,0.00812000,3578714.00000000
2026-04-15T21:00:00Z,0.00813000,0.00821000,0.00811000,0.00817000,3868980.00000000
2026-04-15T22:00:00Z,0.00818000,0.00825000,0.00818000,0.00820000,4742666.00000000
2026-04-15T23:00:00Z,0.00820000,0.00821000,0.00814000,0.00817000,3427192.00000000
2026-04-16T00:00:00Z,0.00816000,0.00824000,0.00811000,0.00819000,12283846.00000000
2026-04-16T01:00:00Z,0.00818000,0.00820000,0.00812000,0.00820000,5798811.00000000
2026-04-16T02:00:00Z,0.00820000,0.00827000,0.00817000,0.00823000,5218531.00000000
2026-04-16T03:00:00Z,0.00823000,0.00829000,0.00815000,0.00816000,5172699.00000000
2026-04-16T04:00:00Z,0.00815000,0.00828000,0.00815000,0.00827000,7867718.00000000
2026-04-16T05:00:00Z,0.00827000,0.00829000,0.00821000,0.00827000,5567657.00000000
2026-04-16T06:00:00Z,0.00828000,0.00833000,0.00819000,0.00825000,10404003.00000000
2026-04-16T07:00:00Z,0.00826000,0.00830000,0.00821000,0.00822000,5913129.00000000
2026-04-16T08:00:00Z,0.00822000,0.00830000,0.00816000,0.00818000,16853909.00000000
2026-04-16T09:00:00Z,0.00819000,0.00838000,0.00818000,0.00833000,21283827.00000000
2026-04-16T10:00:00Z,0.00833000,0.00845000,0.00826000,0.00844000,11091387.00000000
2026-04-16T11:00:00Z,0.00844000,0.00844000,0.00835000,0.00836000,5780626.00000000
2026-04-16T12:00:00Z,0.00836000,0.00838000,0.00821000,0.00824000,18703693.00000000
2026-04-16T13:00:00Z,0.00824000,0.00840000,0.00819000,0.00828000,31719204.00000000
2026-04-16T14:00:00Z,0.00827000,0.00828000,0.00816000,0.00822000,11021527.00000000
2026-04-16T15:00:00Z,0.00821000,0.00838000,0.00819000,0.00834000,9635417.00000000
2026-04-16T16:00:00Z,0.00835000,0.00846000,0.00825000,0.00828000,21181515.00000000
2026-04-16T17:00:00Z,0.00828000,0.00850000,0.00827000,0.00847000,11218990.00000000
2026-04-16T18:00:00Z,0.00847000,0.00857000,0.00841000,0.00854000,13441586.00000000
2026-04-16T19:00:00Z,0.00854000,0.00876000,0.00849000,0.00871000,25385414.00000000
2026-04-16T20:00:00Z,0.00871000,0.00893000,0.00866000,0.00869000,53969305.00000000
2026-04-16T21:00:00Z,0.00870000,0.00883000,0.00865000,0.00869000,24285191.00000000
2026-04-16T22:00:00Z,0.00869000,0.00872000,0.00853000,0.00856000,15720216.00000000
2026-04-16T23:00:00Z,0.00856000,0.00863000,0.00852000,0.00858000,10160950.00000000
2026-04-17T00:00:00Z,0.00859000,0.00882000,0.00846000,0.00873000,29848797.00000000
2026-04-17T01:00:00Z,0.00872000,0.00892000,0.00871000,0.00878000,40943902.00000000
2026-04-17T02:00:00Z,0.00877000,0.00877000,0.00855000,0.00869000,13255020.00000000
2026-04-17T03:00:00Z,0.00869000,0.00873000,0.00860000,0.00862000,9825158.00000000
2026-04-17T04:00:00Z,0.00862000,0.00876000,0.00861000,0.00874000,13291867.00000000
2026-04-17T05:00:00Z,0.00874000,0.00886000,0.00865000,0.00876000,31754721.00000000
2026-04-17T06:00:00Z,0.00876000,0.00912000,0.00875000,0.00887000,73583009.00000000
2026-04-17T07:00:00Z,0.00887000,0.00899000,0.00876000,0.00897000,32544988.00000000
2026-04-17T08:00:00Z,0.00897000,0.00904000,0.00872000,0.00891000,40091977.00000000
2026-04-17T09:00:00Z,0.00891000,0.00907000,0.00887000,0.00905000,29765007.00000000
2026-04-17T10:00:00Z,0.00905000,0.00933000,0.00904000,0.00924000,60066508.00000000
2026-04-17T11:00:00Z,0.00923000,0.00940000,0.00906000,0.00906000,51670313.00000000
2026-04-17T12:00:00Z,0.00907000,0.00983000,0.00904000,0.00947000,181541732.00000000
2026-04-17T13:00:00Z,0.00948000,0.00959000,0.00912000,0.00938000,78408726.00000000
2026-04-17T14:00:00Z,0.00939000,0.00972000,0.00934000,0.00957000,47998525.00000000
2026-04-17T15:00:00Z,0.00956000,0.00965000,0.00936000,0.00951000,39201920.00000000
2026-04-17T16:00:00Z,0.00950000,0.00951000,0.00936000,0.00949000,24900499.00000000
2026-04-17T17:00:00Z,0.00949000,0.00970000,0.00931000,0.00939000,51980100.00000000
2026-04-17T18:00:00Z,0.00939000,0.00956000,0.00933000,0.00936000,24824206.00000000
2026-04-17T19:00:00Z,0.00935000,0.00958000,0.00932000,0.00943000,49273144.00000000
2026-04-17T20:00:00Z,0.00944000,0.00961000,0.00940000,0.00947000,30414474.00000000
2026-04-17T21:00:00Z,0.00947000,0.00958000,0.00941000,0.00953000,10391105.00000000
2026-04-17T22:00:00Z,0.00952000,0.00962000,0.00946000,0.00949000,14694513.00000000
2026-04-17T23:00:00Z,0.00950000,0.00976000,0.00949000,0.00974000,30920100.00000000
2026-04-18T00:00:00Z,0.00972000,0.00974000,0.00925000,0.00939000,41109143.00000000
2026-04-18T01:00:00Z,0.00938000,0.00950000,0.00931000,0.00948000,19166063.00000000
2026-04-18T02:00:00Z,0.00948000,0.00956000,0.00937000,0.00948000,12111467.00000000
2026-04-18T03:00:00Z,0.00947000,0.00951000,0.00931000,0.00935000,11937203.00000000
2026-04-18T04:00:00Z,0.00935000,0.00953000,0.00933000,0.00948000,11408176.00000000
2026-04-18T05:00:00Z,0.00948000,0.00967000,0.00948000,0.00957000,16313348.00000000
2026-04-18T06:00:00Z,0.00957000,0.00960000,0.00939000,0.00948000,19196834.00000000
2026-04-18T07:00:00Z,0.00948000,0.00954000,0.00939000,0.00950000,19851620.00000000
2026-04-18T08:00:00Z,0.00949000,0.00951000,0.00912000,0.00924000,38964075.00000000
2026-04-18T09:00:00Z,0.00924000,0.00937000,0.00920000,0.00931000,16613041.00000000
2026-04-18T10:00:00Z,0.00931000,0.00938000,0.00921000,0.00922000,15592469.00000000
2026-04-18T11:00:00Z,0.00923000,0.00928000,0.00909000,0.00925000,23249909.00000000
2026-04-18T12:00:00Z,0.00925000,0.00927000,0.00904000,0.00912000,26802454.00000000
2026-04-18T13:00:00Z,0.00912000,0.00922000,0.00907000,0.00919000,8181937.00000000
2026-04-18T14:00:00Z,0.00919000,0.00930000,0.00916000,0.00925000,5850303.00000000
2026-04-18T15:00:00Z,0.00925000,0.00930000,0.00914000,0.00918000,9644021.00000000
2026-04-18T16:00:00Z,0.00918000,0.00921000,0.00910000,0.00919000,5876291.00000000
2026-04-18T17:00:00Z,0.00919000,0.00928000,0.00913000,0.00926000,7773613.00000000
2026-04-18T18:00:00Z,0.00925000,0.00935000,0.00922000,0.00927000,12191147.00000000
2026-04-18T19:00:00Z,0.00927000,0.00948000,0.00927000,0.00942000,17336511.00000000
2026-04-18T20:00:00Z,0.00941000,0.00953000,0.00936000,0.00948000,14990892.00000000
2026-04-18T21:00:00Z,0.00948000,0.00959000,0.00941000,0.00952000,28570852.00000000
2026-04-18T22:00:00Z,0.00952000,0.00972000,0.00950000,0.00960000,24608473.00000000
2026-04-18T23:00:00Z,0.00960000,0.00970000,0.00951000,0.00968000,15960945.00000000
2026-04-19T00:00:00Z,0.00966000,0.00985000,0.00948000,0.00979000,26612810.00000000
2026-04-19T01:00:00Z,0.00979000,0.00999000,0.00937000,0.00952000,68515379.00000000
2026-04-19T02:00:00Z,0.00951000,0.00956000,0.00932000,0.00933000,29875578.00000000
2026-04-19T03:00:00Z,0.00933000,0.00963000,0.00930000,0.00948000,11889254.00000000
2026-04-19T04:00:00Z,0.00947000,0.00953000,0.00937000,0.00942000,16878972.00000000
2026-04-19T05:00:00Z,0.00942000,0.00947000,0.00929000,0.00933000,11880033.00000000
2026-04-19T06:00:00Z,0.00933000,0.00954000,0.00928000,0.00947000,15746887.00000000
2026-04-19T07:00:00Z,0.00947000,0.00950000,0.00926000,0.00946000,12130247.00000000
2026-04-19T08:00:00Z,0.00945000,0.00955000,0.00937000,0.00945000,11810645.00000000
2026-04-19T09:00:00Z,0.00946000,0.00948000,0.00933000,0.00940000,10836115.00000000
2026-04-19T10:00:00Z,0.00939000,0.00940000,0.00918000,0.00931000,16229646.00000000
2026-04-19T11:00:00Z,0.00930000,0.00946000,0.00928000,0.00938000,12430920.00000000
2026-04-19T12:00:00Z,0.00938000,0.00958000,0.00935000,0.00955000,10055456.00000000
2026-04-19T13:00:00Z,0.00956000,0.00956000,0.00941000,0.00942000,9248350.00000000
2026-04-19T14:00:00Z,0.00942000,0.00951000,0.00933000,0.00949000,19067788.00000000
2026-04-19T15:00:00Z,0.00948000,0.00978000,0.00948000,0.00975000,60080133.00000000
2026-04-19T16:00:00Z,0.00974000,0.00987000,0.00957000,0.00963000,28013921.00000000
2026-04-19T17:00:00Z,0.00964000,0.00967000,0.00935000,0.00945000,17980040.00000000
2026-04-19T18:00:00Z,0.00946000,0.00950000,0.00935000,0.00936000,11406208.00000000
2026-04-19T19:00:00Z,0.00937000,0.00949000,0.00936000,0.00941000,14354206.00000000
2026-04-19T20:00:00Z,0.00941000,0.00943000,0.00925000,0.00926000,12286129.00000000
2026-04-19T21:00:00Z,0.00927000,0.00931000,0.00917000,0.00923000,13332778.00000000
2026-04-19T22:00:00Z,0.00924000,0.00924000,0.00902000,0.00919000,13110427.00000000
2026-04-19T23:00:00Z,0.00918000,0.00918000,0.00897000,0.00904000,21785674.00000000
2026-04-20T00:00:00Z,0.00903000,0.00925000,0.00900000,0.00915000,13419380.00000000
2026-04-20T01:00:00Z,0.00914000,0.00915000,0.00906000,0.00912000,9489994.00000000
2026-04-20T02:00:00Z,0.00912000,0.00924000,0.00909000,0.00921000,6993092.00000000
2026-04-20T03:00:00Z,0.00920000,0.00932000,0.00920000,0.00927000,8349246.00000000
2026-04-20T04:00:00Z,0.00927000,0.00932000,0.00919000,0.00923000,9232592.00000000
2026-04-20T05:00:00Z,0.00924000,0.00925000,0.00907000,0.00909000,13613923.00000000
2026-04-20T06:00:00Z,0.00910000,0.00942000,0.00908000,0.00938000,21152093.00000000
2026-04-20T07:00:00Z,0.00938000,0.00944000,0.00924000,0.00937000,31166542.00000000
2026-04-20T08:00:00Z,0.00936000,0.00942000,0.00930000,0.00934000,10647375.00000000
2026-04-20T09:00:00Z,0.00935000,0.00946000,0.00934000,0.00942000,4922852.00000000
2026-04-20T10:00:00Z,0.00941000,0.00945000,0.00934000,0.00935000,9759544.00000000
2026-04-20T11:00:00Z,0.00935000,0.00946000,0.00934000,0.00941000,7136706.00000000
2026-04-20T12:00:00Z,0.00941000,0.00953000,0.00940000,0.00941000,6414055.00000000
2026-04-20T13:00:00Z,0.00941000,0.00952000,0.00939000,0.00946000,14120021.00000000
2026-04-20T14:00:00Z,0.00946000,0.00950000,0.00938000,0.00940000,6042878.00000000
2026-04-20T15:00:00Z,0.00940000,0.00956000,0.00937000,0.00954000,7935093.00000000
2026-04-20T16:00:00Z,0.00954000,0.00967000,0.00949000,0.00966000,9213711.00000000
2026-04-20T17:00:00Z,0.00966000,0.00971000,0.00962000,0.00965000,5816146.00000000
2026-04-20T18:00:00Z,0.00965000,0.00977000,0.00965000,0.00973000,9303822.00000000
2026-04-20T19:00:00Z,0.00974000,0.00991000,0.00972000,0.00985000,12498247.00000000
2026-04-20T20:00:00Z,0.00985000,0.00985000,0.00967000,0.00975000,13470245.00000000
2026-04-20T21:00:00Z,0.00974000,0.00979000,0.00963000,0.00975000,7620203.00000000
2026-04-20T22:00:00Z,0.00974000,0.00979000,0.00967000,0.00971000,6704783.00000000
2026-04-20T23:00:00Z,0.00971000,0.00971000,0.00954000,0.00959000,11346441.00000000
2026-04-21T00:00:00Z,0.00960000,0.00961000,0.00946000,0.00953000,8519412.00000000
2026-04-21T01:00:00Z,0.00953000,0.00966000,0.00952000,0.00956000,5686962.00000000
2026-04-21T02:00:00Z,0.00955000,0.00958000,0.00944000,0.00947000,4860556.00000000
2026-04-21T03:00:00Z,0.00948000,0.00950000,0.00942000,0.00946000,3411802.00000000
2026-04-21T04:00:00Z,0.00946000,0.00951000,0.00939000,0.00950000,5425365.00000000
2026-04-21T05:00:00Z,0.00948000,0.00953000,0.00947000,0.00952000,3456543.00000000
2026-04-21T06:00:00Z,0.00951000,0.00955000,0.00943000,0.00950000,7462445.00000000
2026-04-21T07:00:00Z,0.00949000,0.00958000,0.00946000,0.00953000,4640189.00000000
2026-04-21T08:00:00Z,0.00952000,0.00959000,0.00947000,0.00949000,5508539.00000000
2026-04-21T09:00:00Z,0.00948000,0.00951000,0.00947000,0.00949000,2722304.00000000
2026-04-21T10:00:00Z,0.00949000,0.00955000,0.00946000,0.00948000,5221697.00000000
2026-04-21T11:00:00Z,0.00947000,0.00947000,0.00940000,0.00942000,4382874.00000000
2026-04-21T12:00:00Z,0.00942000,0.00942000,0.00928000,0.00935000,5470162.00000000
2026-04-21T13:00:00Z,0.00935000,0.00935000,0.00921000,0.00927000,7182798.00000000
2026-04-21T14:00:00Z,0.00927000,0.00934000,0.00921000,0.00926000,6436875.00000000
2026-04-21T15:00:00Z,0.00926000,0.00934000,0.00922000,0.00926000,5949017.00000000
2026-04-21T16:00:00Z,0.00926000,0.00933000,0.00923000,0.00924000,5579780.00000000
2026-04-21T17:00:00Z,0.00924000,0.00934000,0.00919000,0.00930000,8631810.00000000
2026-04-21T18:00:00Z,0.00929000,0.00932000,0.00927000,0.00932000,3719773.00000000
2026-04-21T19:00:00Z,0.00933000,0.00943000,0.00926000,0.00931000,8981986.00000000
2026-04-21T20:00:00Z,0.00931000,0.00939000,0.00931000,0.00936000,7084170.00000000
2026-04-21T21:00:00Z,0.00935000,0.00941000,0.00931000,0.00940000,3454215.00000000
2026-04-21T22:00:00Z,0.00940000,0.00954000,0.00940000,0.00952000,4549197.00000000
2026-04-21T23:00:00Z,0.00952000,0.00959000,0.00951000,0.00959000,4121056.00000000
2026-04-22T00:00:00Z,0.00958000,0.00958000,0.00944000,0.00947000,3832217.00000000
2026-04-22T01:00:00Z,0.00948000,0.00951000,0.00940000,0.00950000,4418210.00000000
2026-04-22T02:00:00Z,0.00950000,0.00961000,0.00946000,0.00960000,6301020.00000000
2026-04-22T03:00:00Z,0.00961000,0.00964000,0.00955000,0.00957000,5834512.00000000
2026-04-22T04:00:00Z,0.00957000,0.00960000,0.00955000,0.00958000,3793361.00000000
2026-04-22T05:00:00Z,0.00958000,0.00977000,0.00956000,0.00975000,13331508.00000000
2026-04-22T06:00:00Z,0.00975000,0.00983000,0.00971000,0.00974000,16271524.00000000
2026-04-22T07:00:00Z,0.00975000,0.00977000,0.00970000,0.00974000,6229457.00000000
2026-04-22T08:00:00Z,0.00974000,0.00985000,0.00969000,0.00982000,7511493.00000000
2026-04-22T09:00:00Z,0.00983000,0.00989000,0.00976000,0.00983000,11297269.00000000
2026-04-22T10:00:00Z,0.00984000,0.00986000,0.00965000,0.00966000,17665925.00000000
2026-04-22T11:00:00Z,0.00967000,0.00972000,0.00961000,0.00968000,9358765.00000000
2026-04-22T12:00:00Z,0.00968000,0.00976000,0.00957000,0.00968000,14584397.00000000
2026-04-22T13:00:00Z,0.00967000,0.00975000,0.00963000,0.00971000,14805371.00000000
2026-04-22T14:00:00Z,0.00971000,0.00987000,0.00971000,0.00982000,19506169.00000000
2026-04-22T15:00:00Z,0.00982000,0.00993000,0.00980000,0.00985000,18179707.00000000
2026-04-22T16:00:00Z,0.00986000,0.00988000,0.00974000,0.00975000,9891402.00000000
2026-04-22T17:00:00Z,0.00975000,0.00977000,0.00963000,0.00965000,9265410.00000000
2026-04-22T18:00:00Z,0.00965000,0.00977000,0.00963000,0.00974000,7473466.00000000
2026-04-22T19:00:00Z,0.00973000,0.00973000,0.00959000,0.00961000,6570362.00000000
2026-04-22T20:00:00Z,0.00961000,0.00961000,0.00945000,0.00949000,10622139.00000000
2026-04-22T21:00:00Z,0.00949000,0.00955000,0.00944000,0.00954000,4830412.00000000
2026-04-22T22:00:00Z,0.00954000,0.00954000,0.00947000,0.00952000,8852696.00000000
2026-04-22T23:00:00Z,0.00952000,0.00953000,0.00938000,0.00938000,6177746.00000000
2026-04-23T00:00:00Z,0.00938000,0.00943000,0.00925000,0.00940000,10629538.00000000
2026-04-23T01:00:00Z,0.00939000,0.00997000,0.00936000,0.00996000,60602714.00000000
2026-04-23T02:00:00Z,0.00997000,0.01005000,0.00954000,0.00981000,73209727.00000000
2026-04-23T03:00:00Z,0.00981000,0.01030000,0.00979000,0.01019000,89858717.00000000
2026-04-23T04:00:00Z,0.01019000,0.01039000,0.00994000,0.01013000,179765084.00000000
2026-04-23T05:00:00Z,0.01014000,0.01026000,0.00930000,0.00944000,126077153.00000000
2026-04-23T06:00:00Z,0.00945000,0.00967000,0.00933000,0.00963000,84972953.00000000
2026-04-23T07:00:00Z,0.00962000,0.01052000,0.00955000,0.01022000,287730026.00000000
2026-04-23T08:00:00Z,0.01022000,0.01052000,0.00989000,0.01045000,96911801.00000000
2026-04-23T09:00:00Z,0.01046000,0.01046000,0.01021000,0.01037000,84575140.00000000
2026-04-23T10:00:00Z,0.01036000,0.01102000,0.01014000,0.01098000,181819408.00000000
2026-04-23T11:00:00Z,0.01098000,0.01334000,0.01078000,0.01180000,426032802.00000000
2026-04-23T12:00:00Z,0.01179000,0.01255000,0.01095000,0.01187000,321913643.00000000
2026-04-23T13:00:00Z,0.01187000,0.01380000,0.01143000,0.01306000,422102819.00000000
2026-04-23T14:00:00Z,0.01307000,0.01400000,0.01247000,0.01278000,231892195.00000000
2026-04-23T15:00:00Z,0.01278000,0.01350000,0.01192000,0.01289000,266679072.00000000
2026-04-23T16:00:00Z,0.01289000,0.01450000,0.01269000,0.01391000,270881743.00000000
2026-04-23T17:00:00Z,0.01392000,0.01461000,0.01315000,0.01334000,176347777.00000000
2026-04-23T18:00:00Z,0.01334000,0.01359000,0.01274000,0.01298000,99121791.00000000
2026-04-23T19:00:00Z,0.01298000,0.01321000,0.01249000,0.01276000,89788323.00000000
2026-04-23T20:00:00Z,0.01276000,0.01367000,0.01271000,0.01365000,118382122.00000000
2026-04-23T21:00:00Z,0.01365000,0.01495000,0.01338000,0.01390000,241684246.00000000
2026-04-23T22:00:00Z,0.01391000,0.01449000,0.01377000,0.01389000,91106658.00000000
2026-04-23T23:00:00Z,0.01390000,0.01450000,0.01374000,0.01414000,73369875.00000000
2026-04-24T00:00:00Z,0.01414000,0.01609000,0.01396000,0.01513000,332745818.00000000
2026-04-24T01:00:00Z,0.01512000,0.01542000,0.01406000,0.01498000,156185483.00000000
2026-04-24T02:00:00Z,0.01498000,0.01636000,0.01450000,0.01633000,179773160.00000000
2026-04-24T03:00:00Z,0.01633000,0.01782000,0.01578000,0.01659000,238780531.00000000
2026-04-24T04:00:00Z,0.01658000,0.01738000,0.01625000,0.01657000,138870811.00000000
2026-04-24T05:00:00Z,0.01655000,0.01694000,0.01597000,0.01620000,143356118.00000000
2026-04-24T06:00:00Z,0.01621000,0.01649000,0.01476000,0.01514000,256803921.00000000
2026-04-24T07:00:00Z,0.01513000,0.01701000,0.01473000,0.01594000,281944610.00000000
2026-04-24T08:00:00Z,0.01593000,0.01672000,0.01535000,0.01658000,189147912.00000000
2026-04-24T09:00:00Z,0.01656000,0.01897000,0.01650000,0.01849000,410761346.00000000
2026-04-24T10:00:00Z,0.01847000,0.01962000,0.01805000,0.01871000,248975372.00000000
2026-04-24T11:00:00Z,0.01871000,0.02220000,0.01791000,0.02135000,356523913.00000000
2026-04-24T12:00:00Z,0.02135000,0.02385000,0.02045000,0.02147000,500205008.00000000
2026-04-24T13:00:00Z,0.02147000,0.02370000,0.02139000,0.02269000,289300590.00000000
2026-04-24T14:00:00Z,0.02270000,0.02292000,0.02130000,0.02169000,210370715.00000000
2026-04-24T15:00:00Z,0.02171000,0.02322000,0.02056000,0.02136000,273997487.00000000
2026-04-24T16:00:00Z,0.02135000,0.02385000,0.02108000,0.02231000,316490802.00000000
2026-04-24T17:00:00Z,0.02231000,0.02373000,0.02230000,0.02317000,165828913.00000000
2026-04-24T18:00:00Z,0.02317000,0.02342000,0.02222000,0.02225000,76241205.00000000
2026-04-24T19:00:00Z,0.02226000,0.02246000,0.02141000,0.02157000,116469764.00000000
2026-04-24T20:00:00Z,0.02157000,0.02362000,0.02014000,0.02298000,338431997.00000000
2026-04-24T21:00:00Z,0.02297000,0.03065000,0.02241000,0.02690000,454783672.00000000
2026-04-24T22:00:00Z,0.02693000,0.02709000,0.02475000,0.02530000,159466779.00000000
2026-04-24T23:00:00Z,0.02530000,0.02546000,0.02431000,0.02475000,104898426.00000000
2026-04-25T00:00:00Z,0.02476000,0.02596000,0.02110000,0.02450000,262026201.00000000
2026-04-25T01:00:00Z,0.02451000,0.02602000,0.02298000,0.02351000,159692057.00000000
2026-04-25T02:00:00Z,0.02350000,0.02442000,0.02272000,0.02338000,148428792.00000000
2026-04-25T03:00:00Z,0.02337000,0.02412000,0.02274000,0.02338000,136217610.00000000
2026-04-25T04:00:00Z,0.02337000,0.02732000,0.02305000,0.02669000,191732798.00000000
2026-04-25T05:00:00Z,0.02669000,0.02706000,0.02353000,0.02444000,128623509.00000000
2026-04-25T06:00:00Z,0.02444000,0.02506000,0.02345000,0.02408000,69983594.00000000
2026-04-25T07:00:00Z,0.02407000,0.02551000,0.02363000,0.02404000,105134728.00000000
2026-04-25T08:00:00Z,0.02402000,0.02506000,0.02361000,0.02395000,83768363.00000000
2026-04-25T09:00:00Z,0.02396000,0.02445000,0.02051000,0.02088000,133726722.00000000
2026-04-25T10:00:00Z,0.02090000,0.02134000,0.01904000,0.01938000,225259886.00000000
2026-04-25T11:00:00Z,0.01938000,0.01990000,0.01784000,0.01803000,125318131.00000000
2026-04-25T12:00:00Z,0.01803000,0.01818000,0.01631000,0.01709000,180273778.00000000
2026-04-25T13:00:00Z,0.01707000,0.01865000,0.01694000,0.01762000,185893810.00000000
2026-04-25T14:00:00Z,0.01761000,0.01789000,0.01703000,0.01723000,68717407.00000000
2026-04-25T15:00:00Z,0.01721000,0.01725000,0.01659000,0.01677000,58719856.00000000
2026-04-25T16:00:00Z,0.01676000,0.01717000,0.01637000,0.01643000,42572788.00000000
2026-04-25T17:00:00Z,0.01644000,0.01673000,0.01588000,0.01671000,32220048.00000000
2026-04-25T18:00:00Z,0.01672000,0.01722000,0.01663000,0.01675000,35613060.00000000
2026-04-25T19:00:00Z,0.01675000,0.01684000,0.01644000,0.01666000,23910420.00000000
2026-04-25T20:00:00Z,0.01668000,0.01686000,0.01620000,0.01644000,38536393.00000000
2026-04-25T21:00:00Z,0.01644000,0.01677000,0.01590000,0.01604000,59413221.00000000
2026-04-25T22:00:00Z,0.01603000,0.01607000,0.01541000,0.01551000,42736405.00000000
2026-04-25T23:00:00Z,0.01550000,0.01566000,0.01508000,0.01553000,46117581.00000000
2026-04-26T00:00:00Z,0.01554000,0.01770000,0.01493000,0.01506000,252601162.00000000
2026-04-26T01:00:00Z,0.01506000,0.01521000,0.01368000,0.01391000,158999710.00000000
2026-04-26T02:00:00Z,0.01392000,0.01410000,0.01327000,0.01341000,78235986.00000000
2026-04-26T03:00:00Z,0.01342000,0.01344000,0.01308000,0.01340000,85603303.00000000
2026-04-26T04:00:00Z,0.01341000,0.01343000,0.01271000,0.01285000,98018505.00000000
2026-04-26T05:00:00Z,0.01285000,0.01350000,0.01274000,0.01293000,81923331.00000000
2026-04-26T06:00:00Z,0.01293000,0.01314000,0.01267000,0.01271000,93757484.00000000
2026-04-26T07:00:00Z,0.01270000,0.01286000,0.01229000,0.01271000,244546500.00000000
2026-04-26T08:00:00Z,0.01271000,0.01292000,0.01266000,0.01273000,98740780.00000000
2026-04-26T09:00:00Z,0.01272000,0.01314000,0.01254000,0.01294000,58883924.00000000
2026-04-26T10:00:00Z,0.01294000,0.01311000,0.01277000,0.01293000,86425719.00000000
2026-04-26T11:00:00Z,0.01292000,0.01323000,0.01262000,0.01274000,94107940.00000000
2026-04-26T12:00:00Z,0.01273000,0.01281000,0.01256000,0.01270000,46270639.00000000
2026-04-26T13:00:00Z,0.01270000,0.01300000,0.01269000,0.01271000,34051312.00000000
2026-04-26T14:00:00Z,0.01272000,0.01299000,0.01270000,0.01283000,29489202.00000000
2026-04-26T15:00:00Z,0.01284000,0.01284000,0.01250000,0.01260000,29678112.00000000
2026-04-26T16:00:00Z,0.01261000,0.01286000,0.01252000,0.01271000,45914327.00000000
2026-04-26T17:00:00Z,0.01272000,0.01275000,0.01218000,0.01235000,51719146.00000000
2026-04-26T18:00:00Z,0.01236000,0.01256000,0.01225000,0.01250000,26474239.00000000
2026-04-26T19:00:00Z,0.01249000,0.01271000,0.01244000,0.01246000,24657524.00000000
2026-04-26T20:00:00Z,0.01247000,0.01256000,0.01224000,0.01233000,66759372.00000000
2026-04-26T21:00:00Z,0.01232000,0.01240000,0.01208000,0.01223000,31158253.00000000
2026-04-26T22:00:00Z,0.01223000,0.01239000,0.01218000,0.01226000,17763828.00000000
2026-04-26T23:00:00Z,0.01225000,0.01232000,0.01215000,0.01226000,25383405.00000000
2026-04-27T00:00:00Z,0.01226000,0.01235000,0.01174000,0.01230000,129377981.00000000
2026-04-27T01:00:00Z,0.01230000,0.01281000,0.01189000,0.01199000,151370649.00000000
2026-04-27T02:00:00Z,0.01200000,0.01242000,0.01192000,0.01219000,106258331.00000000
2026-04-27T03:00:00Z,0.01220000,0.01267000,0.01212000,0.01265000,63557660.00000000
2026-04-27T04:00:00Z,0.01264000,0.01274000,0.01231000,0.01249000,186128300.00000000
2026-04-27T05:00:00Z,0.01248000,0.01275000,0.01194000,0.01196000,104262600.00000000
2026-04-27T06:00:00Z,0.01195000,0.01204000,0.01153000,0.01165000,60669061.00000000
2026-04-27T07:00:00Z,0.01166000,0.01170000,0.01134000,0.01139000,55926269.00000000
2026-04-27T08:00:00Z,0.01139000,0.01151000,0.01124000,0.01144000,52038567.00000000
2026-04-27T09:00:00Z,0.01144000,0.01154000,0.01132000,0.01137000,16802642.00000000
2026-04-27T10:00:00Z,0.01136000,0.01143000,0.01111000,0.01121000,27791879.00000000
2026-04-27T11:00:00Z,0.01121000,0.01126000,0.01095000,0.01100000,54754367.00000000
2026-04-27T12:00:00Z,0.01100000,0.01120000,0.01093000,0.01108000,49979821.00000000
2026-04-27T13:00:00Z,0.01108000,0.01119000,0.01096000,0.01097000,28568087.00000000
2026-04-27T14:00:00Z,0.01096000,0.01139000,0.01090000,0.01131000,68367285.00000000
2026-04-27T15:00:00Z,0.01130000,0.01144000,0.01099000,0.01110000,42734634.00000000
2026-04-27T16:00:00Z,0.01110000,0.01178000,0.01102000,0.01167000,89058538.00000000
2026-04-27T17:00:00Z,0.01166000,0.01183000,0.01147000,0.01174000,46347300.00000000
2026-04-27T18:00:00Z,0.01173000,0.01182000,0.01154000,0.01169000,25172488.00000000
2026-04-27T19:00:00Z,0.01168000,0.01184000,0.01160000,0.01165000,24947203.00000000
2026-04-27T20:00:00Z,0.01165000,0.01180000,0.01162000,0.01164000,17165323.00000000
2026-04-27T21:00:00Z,0.01164000,0.01168000,0.01142000,0.01144000,26254064.00000000
2026-04-27T22:00:00Z,0.01144000,0.01153000,0.01136000,0.01140000,15113150.00000000
2026-04-27T23:00:00Z,0.01139000,0.01143000,0.01122000,0.01140000,18452730.00000000
2026-04-28T00:00:00Z,0.01139000,0.01154000,0.01110000,0.01128000,33651695.00000000
2026-04-28T01:00:00Z,0.01128000,0.01163000,0.01121000,0.01127000,39268792.00000000
2026-04-28T02:00:00Z,0.01127000,0.01132000,0.01105000,0.01114000,29761878.00000000
2026-04-28T03:00:00Z,0.01114000,0.01128000,0.01109000,0.01118000,17262784.00000000
2026-04-28T04:00:00Z,0.01118000,0.01140000,0.01118000,0.01134000,14998802.00000000
2026-04-28T05:00:00Z,0.01134000,0.01145000,0.01121000,0.01140000,20107594.00000000
2026-04-28T06:00:00Z,0.01139000,0.01157000,0.01134000,0.01138000,25768244.00000000
2026-04-28T07:00:00Z,0.01137000,0.01154000,0.01129000,0.01139000,28029627.00000000
2026-04-28T08:00:00Z,0.01138000,0.01141000,0.01112000,0.01117000,26153387.00000000
2026-04-28T09:00:00Z,0.01118000,0.01131000,0.01112000,0.01121000,15089063.00000000
2026-04-28T10:00:00Z,0.01120000,0.01128000,0.01117000,0.01124000,14739769.00000000
2026-04-28T11:00:00Z,0.01124000,0.01124000,0.01106000,0.01115000,24194037.00000000
2026-04-28T12:00:00Z,0.01116000,0.01158000,0.01112000,0.01140000,66638166.00000000
2026-04-28T13:00:00Z,0.01141000,0.01150000,0.01128000,0.01131000,36267674.00000000
2026-04-28T14:00:00Z,0.01131000,0.01174000,0.01122000,0.01166000,34225464.00000000
2026-04-28T15:00:00Z,0.01166000,0.01207000,0.01155000,0.01184000,88990646.00000000
2026-04-28T16:00:00Z,0.01184000,0.01187000,0.01147000,0.01158000,33245752.00000000
2026-04-28T17:00:00Z,0.01157000,0.01158000,0.01144000,0.01146000,14705310.00000000
2026-04-28T18:00:00Z,0.01145000,0.01159000,0.01144000,0.01158000,11685683.00000000
2026-04-28T19:00:00Z,0.01159000,0.01172000,0.01150000,0.01163000,16413043.00000000
2026-04-28T20:00:00Z,0.01163000,0.01164000,0.01151000,0.01152000,9129267.00000000
2026-04-28T21:00:00Z,0.01151000,0.01156000,0.01142000,0.01149000,13187544.00000000
2026-04-28T22:00:00Z,0.01149000,0.01159000,0.01142000,0.01149000,12908114.00000000
2026-04-28T23:00:00Z,0.01150000,0.01162000,0.01144000,0.01154000,13060514.00000000
2026-04-29T00:00:00Z,0.01154000,0.01166000,0.01128000,0.01148000,30221675.00000000
2026-04-29T01:00:00Z,0.01148000,0.01156000,0.01122000,0.01128000,20360480.00000000
2026-04-29T02:00:00Z,0.01128000,0.01131000,0.01120000,0.01125000,16108640.00000000
2026-04-29T03:00:00Z,0.01125000,0.01134000,0.01120000,0.01122000,12287488.00000000
2026-04-29T04:00:00Z,0.01123000,0.01128000,0.01112000,0.01120000,23596251.00000000
2026-04-29T05:00:00Z,0.01121000,0.01121000,0.01107000,0.01115000,20402892.00000000
2026-04-29T06:00:00Z,0.01115000,0.01119000,0.01109000,0.01114000,12548843.00000000
2026-04-29T07:00:00Z,0.01114000,0.01124000,0.01111000,0.01123000,11974677.00000000
2026-04-29T08:00:00Z,0.01123000,0.01125000,0.01108000,0.01110000,12975431.00000000
2026-04-29T09:00:00Z,0.01110000,0.01110000,0.01087000,0.01098000,27978976.00000000
2026-04-29T10:00:00Z,0.01098000,0.01102000,0.01077000,0.01078000,33268329.00000000
2026-04-29T11:00:00Z,0.01080000,0.01086000,0.01075000,0.01080000,16823280.00000000
2026-04-29T12:00:00Z,0.01079000,0.01082000,0.01069000,0.01082000,19084399.00000000
2026-04-29T13:00:00Z,0.01082000,0.01084000,0.01071000,0.01080000,15804569.00000000
2026-04-29T14:00:00Z,0.01080000,0.01091000,0.01073000,0.01084000,17817140.00000000
2026-04-29T15:00:00Z,0.01084000,0.01089000,0.01065000,0.01069000,23255834.00000000
2026-04-29T16:00:00Z,0.01070000,0.01090000,0.01063000,0.01086000,14897502.00000000
2026-04-29T17:00:00Z,0.01087000,0.01103000,0.01087000,0.01100000,17630227.00000000
2026-04-29T18:00:00Z,0.01101000,0.01101000,0.01067000,0.01095000,34228067.00000000
2026-04-29T19:00:00Z,0.01095000,0.01096000,0.01085000,0.01094000,12563608.00000000
2026-04-29T20:00:00Z,0.01095000,0.01102000,0.01089000,0.01093000,16948493.00000000
2026-04-29T21:00:00Z,0.01092000,0.01100000,0.01090000,0.01093000,7596743.00000000
2026-04-29T22:00:00Z,0.01093000,0.01100000,0.01091000,0.01100000,10752085.00000000
2026-04-29T23:00:00Z,0.01099000,0.01102000,0.01088000,0.01093000,11448156.00000000
2026-04-30T00:00:00Z,0.01091000,0.01091000,0.01075000,0.01087000,27442021.00000000
2026-04-30T01:00:00Z,0.01086000,0.01087000,0.01077000,0.01079000,16398384.00000000
2026-04-30T02:00:00Z,0.01080000,0.01080000,0.01066000,0.01072000,20121888.00000000
2026-04-30T03:00:00Z,0.01073000,0.01078000,0.01069000,0.01075000,10647114.00000000
2026-04-30T04:00:00Z,0.01075000,0.01076000,0.01062000,0.01064000,20665428.00000000
2026-04-30T05:00:00Z,0.01064000,0.01084000,0.01064000,0.01081000,23016280.00000000
2026-04-30T06:00:00Z,0.01081000,0.01138000,0.01081000,0.01119000,82372810.00000000
2026-04-30T07:00:00Z,0.01118000,0.01142000,0.01106000,0.01139000,47919346.00000000
2026-04-30T08:00:00Z,0.01139000,0.01141000,0.01119000,0.01131000,43824416.00000000
2026-04-30T09:00:00Z,0.01132000,0.01137000,0.01098000,0.01105000,47091334.00000000
2026-04-30T10:00:00Z,0.01105000,0.01109000,0.01095000,0.01101000,25201362.00000000
2026-04-30T11:00:00Z,0.01101000,0.01101000,0.01080000,0.01085000,34766857.00000000
2026-04-30T12:00:00Z,0.01084000,0.01087000,0.01075000,0.01079000,16794105.00000000
2026-04-30T13:00:00Z,0.01080000,0.01081000,0.01065000,0.01070000,24642039.00000000
2026-04-30T14:00:00Z,0.01070000,0.01076000,0.01062000,0.01064000,16854762.00000000
2026-04-30T15:00:00Z,0.01065000,0.01080000,0.01063000,0.01068000,21511723.00000000
2026-04-30T16:00:00Z,0.01068000,0.01076000,0.01067000,0.01069000,21674647.00000000
2026-04-30T17:00:00Z,0.01070000,0.01084000,0.01068000,0.01081000,9023681.00000000
2026-04-30T18:00:00Z,0.01080000,0.01084000,0.01066000,0.01067000,9241773.00000000
2026-04-30T19:00:00Z,0.01067000,0.01072000,0.01065000,0.01069000,6323264.00000000
2026-04-30T20:00:00Z,0.01068000,0.01075000,0.01067000,0.01070000,11334539.00000000
2026-04-30T21:00:00Z,0.01070000,0.01075000,0.01066000,0.01075000,7071712.00000000
2026-04-30T22:00:00Z,0.01075000,0.01075000,0.01068000,0.01069000,7615247.00000000
2026-04-30T23:00:00Z,0.01069000,0.01075000,0.01065000,0.01067000,8483564.00000000
2026-05-01T00:00:00Z,0.01067000,0.01067000,0.01022000,0.01026000,70933665.00000000
2026-05-01T01:00:00Z,0.01027000,0.01040000,0.01025000,0.01034000,17301840.00000000
2026-05-01T02:00:00Z,0.01034000,0.01037000,0.01027000,0.01033000,15243533.00000000
2026-05-01T03:00:00Z,0.01032000,0.01032000,0.01029000,0.01030000,715508.00000000
